CustomerID,Customer_Name,Location,Account_Age_Days,Monthly_Fee_INR,Industry,Feature_Usage_Score,Total_Users,Support_Tickets,Payment_Delay_Days,Last_Login_Days,Avg_Resolution_Time_Hrs,NPS_Score,Is_Churn
1001,"Farhan Bhargava",Dhule,1156,18703,Logistics,26,26,18,4,19,29.8,10,1
1002,"Gaurang Sur",Nashik,1489,27700,Logistics,80,29,18,17,31,13.01,8,0
1003,"Wridesh Badami",Shirpur,890,37043,Healthcare,13,33,1,23,21,70.4,9,1
1004,"Chaaya Khanna",Dhule,1324,11469,Healthcare,23,27,8,13,6,61.59,9,0
1005,"Fariq Ahuja",Pune,1160,35105,Retail,12,25,12,1,8,36.38,2,0
1006,"Bhavini Reddy",Mumbai,1125,47101,Healthcare,97,10,14,25,44,43.83,7,0
1007,"Vedhika Bajaj",Nagpur,1074,31386,Retail,89,47,2,11,0,17.14,7,0
1008,"Bakhshi Nazareth",Mumbai,151,41976,Retail,67,23,10,21,28,39.61,4,1
1009,"Bahadurjit Kannan",Nashik,496,44051,Logistics,64,21,13,23,7,50.34,9,1
1010,"Zinal Ranganathan",Nashik,1268,7048,Logistics,13,21,7,5,3,37.58,8,0
1011,"Chatresh Iyengar",Surat,360,44001,Finance,33,43,17,3,34,71.31,1,0
1012,"Yuvraj Dey",Dhule,117,17941,Logistics,43,13,18,12,2,44.41,2,1
1013,"Urvi Oak",Nashik,1426,47533,Logistics,39,37,15,3,44,27.34,2,1
1014,"Pahal Sama",Surat,1153,6828,Healthcare,91,33,1,21,39,55.82,8,1
1015,"Shivansh Shroff",Pune,901,6917,Logistics,28,24,7,13,6,13.1,1,0
1016,"Ronith Bava",Dhule,160,25618,Finance,40,44,5,15,26,28.3,4,1
1017,"Ekiya Ratti",Indore,1362,37254,Healthcare,69,11,11,28,0,25.63,10,0
1018,"Zayan Walla",Nashik,799,44756,Finance,69,17,14,3,26,31.66,5,1
1019,"Mohammed Bhat",Ahmedabad,373,25128,Logistics,28,4,7,23,15,56.51,9,1
1020,"Tanay Yogi",Shirpur,1467,5009,Finance,58,47,3,24,37,35.38,7,1
1021,"Timothy Mohan",Dhule,835,21644,Healthcare,72,25,14,0,6,57.38,8,0
1022,"Diya Lanka",Pune,415,27422,Retail,92,30,19,12,43,41.93,9,1
1023,"Manthan Shetty",Surat,1245,14865,Finance,31,9,16,3,22,25.29,7,1
1024,"Anika Rattan",Mumbai,985,7219,Finance,33,21,12,19,40,58.51,5,1
1025,"Thomas Chaudhuri",Mumbai,306,44809,Healthcare,85,20,17,17,10,17.92,5,1
1026,"Tanish Wason",Shirpur,1214,10287,Healthcare,39,19,1,5,41,16.93,10,1
1027,"Frederick Kibe",Dhule,489,39387,Finance,67,19,12,2,32,36.82,6,1
1028,"Pahal Babu",Indore,1367,13512,Logistics,40,12,12,22,35,19.52,5,1
1029,"Leela Hari",Shirpur,51,6342,Finance,73,37,14,12,36,1.65,9,1
1030,"Neel Chandran",Ahmedabad,282,48336,Healthcare,28,42,19,26,40,47.03,3,0
1031,"Yug Hans",Dhule,777,24216,Retail,57,17,9,15,16,37.29,3,1
1032,"Om Narula",Indore,886,32534,Retail,54,37,2,26,34,32.63,7,1
1033,"Logan Bains",Pune,504,19231,Logistics,64,48,18,4,4,69.65,7,0
1034,"Charan Nigam",Shirpur,1112,37293,Finance,64,39,2,3,31,41.56,6,1
1035,"Ishanvi Sarin",Indore,540,31614,Retail,27,28,13,20,2,62.3,3,1
1036,"Lipika Deol",Nagpur,729,41258,Finance,72,41,7,7,34,10.9,7,1
1037,"Priya Balan",Shirpur,1005,33253,Healthcare,56,35,3,18,13,41.41,5,0
1038,"Yashodhara Butala",Nashik,219,47078,Retail,84,47,19,13,30,62.63,7,0
1039,"Sara Bera",Nashik,987,45752,Logistics,66,48,10,6,30,42.4,2,1
1040,"Ekansh Puri",Dhule,716,22988,Healthcare,54,18,10,13,16,51.98,6,0
1041,"Frado Palla",Indore,987,36037,Logistics,42,14,10,5,23,27.42,8,0
1042,"Yashvi Deol",Surat,592,17219,Healthcare,26,35,1,11,22,7.56,1,0
1043,"Yug Soman",Surat,1297,5235,Retail,79,44,16,15,17,33.51,4,0
1044,"Saumya Deep",Nashik,861,47929,Logistics,13,41,8,16,13,29.01,1,1
1045,"Abha Sarin",Pune,1184,6908,Logistics,29,7,1,12,14,62.56,1,1
1046,"Om Rai",Surat,676,13567,Healthcare,56,41,14,22,14,18.32,10,1
1047,"Falak Lala",Pune,50,41298,Logistics,24,13,15,13,5,69.64,8,1
1048,"Manya Devan",Indore,870,10256,Healthcare,79,18,3,28,26,69.03,7,0
1049,"Vincent Chad",Ahmedabad,196,24019,Healthcare,56,37,7,6,14,18.58,10,0
1050,"Lopa Saran",Nagpur,1327,13162,Healthcare,87,13,8,13,35,25.71,1,1
1051,"Fiyaz Manne",Nagpur,417,10415,Healthcare,84,36,4,14,7,64.58,2,0
1052,"Yamini Divan",Ahmedabad,630,41159,Retail,18,31,15,11,14,69.63,4,1
1053,"Hredhaan Parekh",Ahmedabad,345,48925,Healthcare,99,2,12,16,2,32.48,1,1
1054,"Netra Batra",Indore,43,10951,Finance,25,16,6,8,12,23.79,3,1
1055,"Ishaan Saraf",Shirpur,271,26852,Logistics,78,9,19,21,40,38.35,8,1
1056,"Kashvi Bhatt",Dhule,806,13007,Finance,70,9,16,14,33,49.83,8,1
1057,"Frado Sundaram",Pune,1399,46832,Retail,19,38,2,11,23,20.42,8,0
1058,"Tanish Krishnan",Nagpur,594,35523,Finance,59,11,4,1,39,53.29,6,0
1059,"Faraj Mander",Mumbai,927,28325,Logistics,12,22,18,4,31,4.67,6,0
1060,"Nilima Loke",Surat,1393,26204,Finance,86,33,11,12,31,4.5,5,1
1061,"Sneha Mammen",Pune,121,20524,Retail,79,36,6,26,29,28.43,9,1
1062,"Tanish Agate",Surat,1420,24282,Healthcare,90,45,8,19,12,26.1,4,0
1063,"Oliver Bhalla",Mumbai,985,28930,Finance,60,23,5,22,0,23.41,10,1
1064,"Upasna Mand",Ahmedabad,1481,5077,Retail,28,45,16,7,33,35.86,7,0
1065,"Abdul Venkataraman",Mumbai,538,45345,Retail,51,45,15,26,14,23.77,1,1
1066,"Libni Divan",Nashik,805,25611,Logistics,44,34,2,13,43,14.65,9,1
1067,"Tanmayi Ramachandran",Nagpur,64,21984,Logistics,55,9,3,14,13,22.97,7,0
1068,"Warda Dutta",Shirpur,235,19060,Finance,35,24,9,10,28,70.22,10,1
1069,"Nirja Rama",Mumbai,1134,22449,Healthcare,78,8,4,0,33,30.19,9,0
1070,"Eesha Subramanian",Mumbai,1441,23520,Retail,73,7,9,20,17,32.57,7,0
1071,"Avi Rana",Indore,1055,48303,Finance,46,36,11,2,6,41.93,2,1
1072,"Meghana Krishna",Dhule,1051,14510,Retail,93,18,9,16,28,70.82,6,1
1073,"Noah Chaudhuri",Dhule,1443,34287,Retail,58,3,12,27,30,18.15,10,1
1074,"Priya Mangat",Surat,595,33173,Healthcare,30,28,10,18,24,49.37,4,0
1075,"Udyati Sane",Mumbai,1159,44711,Healthcare,83,6,15,13,37,51.83,3,1
1076,"Pranav Pall",Ahmedabad,732,16954,Finance,73,44,7,21,13,44.12,2,1
1077,"William Patla",Indore,431,12804,Healthcare,14,44,7,29,7,7.29,6,1
1078,"Patrick Bail",Nagpur,759,11565,Healthcare,79,21,7,22,26,49.06,8,1
1079,"Dakshesh Bedi",Indore,191,10984,Finance,99,28,12,7,1,5.55,6,0
1080,"Anirudh Bala",Nagpur,231,26526,Healthcare,13,40,1,12,16,43.33,9,0
1081,"Owen Jaggi",Pune,1025,42438,Logistics,48,1,11,26,36,53.51,5,0
1082,"Lekha Bhatti",Dhule,299,23574,Retail,44,36,9,19,13,15.98,2,0
1083,"Damyanti Tripathi",Nagpur,845,14184,Retail,10,21,11,2,24,60.76,8,0
1084,"Champak Sami",Mumbai,1324,24096,Retail,33,43,10,4,29,3.16,9,1
1085,"Jalsa Pingle",Pune,485,7192,Retail,66,35,14,8,28,60.91,10,0
1086,"Janaki Gaba",Pune,1305,39016,Finance,79,13,15,28,19,33.68,4,1
1087,"Zansi Kalita",Surat,1046,16246,Retail,50,49,16,5,20,16.45,6,1
1088,"Adweta Dugal",Indore,325,23381,Retail,63,10,1,24,21,10.5,10,1
1089,"Sneha Savant",Dhule,749,41455,Retail,55,44,17,21,34,68.68,8,0
1090,"Ganga Maharaj",Nashik,367,31727,Retail,69,47,11,1,36,6.16,9,1
1091,"Isha Banerjee",Nagpur,908,9018,Logistics,69,10,18,12,15,15.14,5,1
1092,"Samar Verma",Surat,1106,16302,Retail,66,46,17,4,42,25.7,6,1
1093,"Banjeet Sharaf",Nagpur,821,6970,Logistics,40,13,16,27,16,45.04,4,0
1094,"Ekansh Kapadia",Indore,246,46157,Finance,93,37,5,26,15,39.68,5,0
1095,"Vivaan Srinivasan",Ahmedabad,793,32202,Healthcare,33,38,14,24,1,9.92,7,1
1096,"Tara Prakash",Mumbai,217,36110,Retail,98,24,2,7,3,21.57,9,0
1097,"Bhanumati Lalla",Mumbai,409,22586,Healthcare,45,2,5,22,20,17.95,10,0
1098,"Onkar Arora",Ahmedabad,522,29519,Healthcare,94,22,2,0,38,16.16,6,0
1099,"Fiyaz Dalal",Dhule,1094,36273,Finance,39,17,0,19,33,30.19,6,1
1100,"Falguni Natt",Nagpur,1210,26951,Healthcare,33,36,12,11,29,50.99,8,0
1101,"Dayita Pandit",Surat,44,20374,Logistics,39,14,13,22,5,16.44,4,1
1102,"Oscar Sachdev",Indore,94,10788,Healthcare,95,10,12,10,16,27.03,3,0
1103,"Yagnesh Uppal",Surat,550,10408,Healthcare,16,35,3,6,38,28.76,7,0
1104,"Tara Golla",Indore,1397,30053,Healthcare,44,25,6,14,24,70.33,5,0
1105,"Inaya Naidu",Dhule,1182,14446,Retail,64,3,9,21,4,68.78,2,1
1106,"Max Saxena",Shirpur,677,5922,Retail,23,47,6,23,4,57.81,2,1
1107,"Jhalak Naidu",Shirpur,1116,38187,Logistics,19,38,14,10,19,18.16,6,1
1108,"Ekalinga Naidu",Surat,1192,15789,Logistics,89,17,14,28,15,5.83,8,1
1109,"Faraj Korpal",Dhule,622,37184,Retail,25,12,3,21,40,23.5,1,1
1110,"Jeet Batta",Mumbai,421,6120,Logistics,63,24,5,25,36,19.94,6,0
1111,"Sneha Wable",Surat,448,49028,Retail,98,29,19,15,39,36.92,2,1
1112,"Adya Devi",Pune,318,37154,Finance,86,43,4,2,8,56.22,2,1
1113,"Arjun Borah",Pune,408,22334,Healthcare,79,25,19,19,4,61.94,7,1
1114,"Chatresh Chowdhury",Surat,260,7336,Healthcare,53,36,11,13,41,60.99,10,0
1115,"Jason Buch",Nagpur,1047,43141,Logistics,82,26,0,2,1,26.54,1,1
1116,"Chakradhar Mangal",Mumbai,70,7243,Retail,54,38,7,0,8,49.79,6,0
1117,"Darpan Dhar",Indore,1081,24029,Retail,65,1,0,25,42,23.21,7,1
1118,"Kalpit Rajagopal",Ahmedabad,164,37265,Logistics,93,20,4,20,35,5.32,8,0
1119,"Laksh Chopra",Surat,230,42380,Retail,91,28,5,14,21,50.81,7,0
1120,"Jeet Nayar",Indore,809,48872,Finance,66,16,2,0,21,1.7,6,0
1121,"Pallavi Baria",Ahmedabad,959,28710,Healthcare,30,47,14,16,21,30.05,9,0
1122,"Anika Goel",Ahmedabad,1086,34486,Logistics,77,17,4,1,33,24.39,3,1
1123,"Kai Krish",Dhule,1101,11371,Logistics,59,40,13,28,28,50.23,6,1
1124,"Aachal Chahal",Nashik,532,11359,Retail,42,28,17,19,37,55.4,4,0
1125,"Ishita Kant",Ahmedabad,436,45631,Logistics,16,12,15,5,32,22.59,2,1
1126,"Ansh Oza",Nagpur,834,40996,Finance,79,27,5,7,17,58.63,1,1
1127,"Yuvraj Srinivas",Ahmedabad,128,25103,Retail,24,42,13,28,6,21.87,1,1
1128,"Gauri Sachar",Dhule,713,19382,Retail,91,47,7,15,0,32.69,10,0
1129,"Anamika Toor",Nagpur,755,23755,Retail,41,30,6,18,32,52.62,3,0
1130,"Nitara Virk",Mumbai,990,40659,Retail,84,41,7,0,0,50.2,4,0
1131,"Adya Kant",Indore,642,8756,Finance,29,34,12,2,23,71.1,2,0
1132,"George Peri",Surat,672,25609,Retail,97,37,5,27,3,16.99,1,1
1133,"Ronith Muni",Mumbai,1058,21478,Logistics,24,6,17,2,3,48.02,4,0
1134,"Abeer Gola",Mumbai,1271,40442,Finance,57,7,1,4,17,44.29,7,0
1135,"Fiyaz Verma",Nashik,532,44666,Healthcare,80,32,7,26,26,65.97,10,1
1136,"Sanya Johal",Pune,796,15147,Healthcare,30,32,10,11,42,12.1,6,1
1137,"Ayush Basak",Ahmedabad,427,38561,Logistics,51,25,0,11,31,54.38,6,0
1138,"Aishani Dasgupta",Surat,900,39884,Logistics,35,33,5,19,32,41.35,9,1
1139,"Lopa Raghavan",Shirpur,824,10779,Finance,23,7,15,12,27,20.5,2,0
1140,"Nisha Suri",Surat,422,17298,Healthcare,66,12,19,19,41,34.68,4,1
1141,"Aarush Ganesh",Nagpur,236,19153,Healthcare,46,16,11,8,40,24.7,5,0
1142,"Joshua Chakrabarti",Indore,1068,48879,Healthcare,67,16,10,6,35,42.13,1,1
1143,"Gautami Warrior",Pune,921,15789,Healthcare,30,43,9,3,5,64.12,8,0
1144,"Utkarsh Chatterjee",Indore,893,49165,Healthcare,91,36,2,18,15,41.42,8,0
1145,"Madhavi Desai",Nashik,772,17999,Retail,78,13,12,21,33,45.85,6,1
1146,"Jacob Sagar",Ahmedabad,1294,5814,Logistics,12,7,2,18,22,37.83,5,0
1147,"Logan Jhaveri",Surat,593,15541,Retail,96,36,14,5,41,4.63,8,1
1148,"Aachal Subramaniam",Dhule,1050,29938,Healthcare,99,47,15,26,23,17.53,3,1
1149,"Manya Bhattacharyya",Ahmedabad,125,7443,Finance,46,9,12,12,12,35.93,3,1
1150,"Abeer Tara",Surat,514,15457,Finance,97,32,16,10,17,23.03,2,1
1151,"Saksham Joshi",Shirpur,1460,15380,Healthcare,58,11,2,12,12,13.91,5,0
1152,"Netra Agate",Dhule,260,12783,Healthcare,28,8,19,12,36,36.79,3,1
1153,"Jyoti Dalal",Indore,778,49241,Finance,98,33,10,27,42,23.92,3,0
1154,"Ekavir Halder",Shirpur,1224,22368,Retail,94,23,18,24,38,19.33,6,1
1155,"Chameli Krishnamurthy",Indore,570,20328,Retail,21,25,10,21,41,33.94,8,1
1156,"Indira Bandi",Dhule,1089,31215,Healthcare,70,8,15,27,16,10.46,2,1
1157,"Amruta Chanda",Nashik,554,38595,Retail,50,45,2,19,14,66.87,4,0
1158,"Kabir Shenoy",Nagpur,1213,32306,Finance,42,22,5,14,17,62.61,7,0
1159,"Zarna Hans",Shirpur,1296,24915,Retail,59,4,13,20,22,51.24,1,1
1160,"Tanvi Acharya",Dhule,1139,44915,Healthcare,77,40,17,12,29,8.54,1,1
1161,"Baghyawati Sachdeva",Surat,607,42219,Finance,80,3,16,21,33,56.09,10,0
1162,"Leela Karpe",Mumbai,711,20343,Retail,95,29,3,10,3,58.36,7,0
1163,"Zaitra Boase",Nagpur,586,43727,Logistics,42,41,14,18,2,55.51,7,0
1164,"Amara Kakar",Indore,1042,5126,Finance,90,29,10,7,6,9.09,1,1
1165,"Omkaar Parikh",Pune,675,32632,Finance,33,34,2,19,17,46.72,1,0
1166,"Unni Pai",Indore,825,46563,Logistics,70,34,2,7,41,60.24,4,1
1167,"Girish Shukla",Indore,1081,49409,Logistics,70,28,15,9,6,41.99,5,0
1168,"Ranveer Tara",Dhule,1393,25530,Finance,37,13,4,25,39,46.89,5,1
1169,"Lucky Vohra",Mumbai,1384,44964,Logistics,67,15,9,15,5,33.54,4,0
1170,"Dhruv Rana",Dhule,1401,49327,Healthcare,52,23,18,18,21,38.54,8,1
1171,"Zayyan Chaudhuri",Mumbai,1284,8368,Healthcare,50,44,3,25,0,3.44,7,1
1172,"Damini Mutti",Nashik,219,8797,Healthcare,48,26,18,22,3,46.37,9,0
1173,"Lipika Chaudhuri",Ahmedabad,1278,18718,Finance,95,4,10,10,42,6.78,7,0
1174,"Keya Lad",Shirpur,1438,39560,Logistics,58,26,1,12,28,31.89,10,0
1175,"Yashodhara Morar",Pune,1430,16053,Logistics,26,40,9,27,20,21.78,1,1
1176,"Yamini Swaminathan",Indore,1336,27116,Retail,79,9,10,8,25,39.73,7,0
1177,"Amaira Cheema",Ahmedabad,662,41244,Retail,79,5,19,19,13,10.47,1,1
1178,"Kashvi Kale",Shirpur,657,41185,Logistics,74,32,15,23,8,50.11,7,1
1179,"Gayathri De",Pune,1002,6645,Logistics,83,20,18,18,11,57.45,10,1
1180,"Finn Dalal",Ahmedabad,1312,24256,Logistics,94,11,10,15,41,12.6,8,1
1181,"Teerth Mistry",Mumbai,1412,40840,Finance,14,15,13,6,5,8.41,9,1
1182,"Zashil Nigam",Indore,739,39622,Logistics,11,32,1,18,19,11.33,3,0
1183,"Shravya Sami",Indore,1464,42430,Retail,31,28,4,11,23,63.28,4,0
1184,"Abha Sekhon",Pune,678,44282,Finance,66,22,4,14,26,38.5,4,1
1185,"Devika Kamdar",Nagpur,347,7708,Logistics,75,41,18,22,37,34.18,9,1
1186,"Aarnav Bala",Shirpur,1278,16694,Retail,83,17,11,13,7,8.58,7,0
1187,"Kavya Chhabra",Mumbai,1287,14524,Finance,25,26,17,10,0,47.12,3,1
1188,"Jhalak Dani",Nashik,713,36880,Logistics,60,44,3,25,23,62.63,10,0
1189,"Yachana Swamy",Pune,693,44224,Logistics,48,7,16,9,6,59.8,5,1
1190,"Sarthak Wali",Pune,1427,41980,Logistics,95,42,9,26,18,45.45,7,1
1191,"Ucchal Raja",Surat,1286,37409,Finance,85,26,19,10,21,6.34,8,0
1192,"Peter Swaminathan",Ahmedabad,1166,18224,Retail,97,25,5,5,34,8.98,1,1
1193,"William Kaur",Surat,471,45738,Retail,49,10,13,1,29,4.5,2,1
1194,"Arya Lanka",Surat,593,30150,Healthcare,47,45,10,10,28,19.28,7,1
1195,"Nilima Pandya",Dhule,1321,39393,Logistics,69,19,10,18,21,10.63,2,0
1196,"Lakshmi Gola",Indore,1439,48082,Healthcare,68,11,17,5,10,19.46,7,1
1197,"Veer Bhatia",Surat,1440,12973,Healthcare,19,13,17,13,19,28.34,9,1
1198,"Sachi Ratta",Nashik,1166,13577,Retail,73,8,10,19,28,67.95,2,1
1199,"Rayaan Sem",Pune,981,13070,Finance,72,40,11,5,40,44.34,7,1
1200,"Leena Sheth",Nagpur,1134,13666,Finance,58,4,4,16,41,60.28,4,1
1201,"Advay Chatterjee",Surat,728,41368,Retail,73,47,8,9,33,51.43,2,1
1202,"Netra Sama",Mumbai,142,11783,Finance,41,31,8,27,0,8.99,7,1
1203,"Neel Bail",Nashik,31,46914,Healthcare,16,28,9,0,30,53.25,5,1
1204,"Max Vohra",Indore,671,9971,Logistics,30,11,18,2,29,20.53,1,1
1205,"Teerth Hari",Pune,249,18490,Retail,29,43,0,7,17,46.38,5,0
1206,"Victor Bobal",Surat,884,6990,Logistics,35,1,6,7,16,25.21,3,1
1207,"Chanchal Roy",Nagpur,1278,10299,Finance,77,49,3,26,37,71.83,7,1
1208,"Vedika Chaudhry",Ahmedabad,414,24956,Logistics,95,47,0,19,13,19.71,6,0
1209,"Chakradhar Trivedi",Mumbai,1456,27359,Finance,24,38,14,21,22,20.82,8,0
1210,"Jeremiah Sahota",Surat,1183,42148,Finance,94,24,7,14,24,67.08,5,0
1211,"Vedant Bahl",Nashik,1106,33734,Healthcare,88,47,11,23,14,2.75,2,0
1212,"Jeet Nair",Nashik,759,9757,Finance,95,31,17,6,21,50.46,9,0
1213,"Nilima Sangha",Shirpur,1469,24097,Healthcare,23,41,14,10,2,52.5,8,1
1214,"Faraj Butala",Mumbai,276,15395,Healthcare,36,46,16,6,18,60.38,6,1
1215,"Ekansh Ratta",Shirpur,865,21241,Healthcare,49,26,13,28,43,70.19,10,1
1216,"Akshay Mane",Ahmedabad,1492,43356,Retail,67,49,13,3,33,70.27,7,0
1217,"Kamya Bansal",Shirpur,232,32696,Retail,37,5,17,24,34,5.63,9,1
1218,"Teerth Balasubramanian",Nashik,1237,9944,Finance,35,20,19,11,0,59.35,7,0
1219,"Nihal Suresh",Nashik,152,24816,Healthcare,72,41,17,25,20,46.89,3,1
1220,"Mahika Deol",Nagpur,430,42011,Retail,75,11,15,5,28,46.96,6,1
1221,"Vidhi Singh",Mumbai,796,29917,Healthcare,34,33,0,13,5,10.11,7,0
1222,"Oliver Kulkarni",Dhule,323,36195,Logistics,12,38,10,11,36,47.16,2,1
1223,"Samaksh Mital",Nashik,309,26566,Logistics,81,27,14,10,0,70.76,3,0
1224,"Banjeet Yadav",Nagpur,913,14916,Logistics,53,34,11,18,0,65.74,4,0
1225,"Kamala Rastogi",Ahmedabad,227,25806,Finance,51,15,7,20,26,32.18,10,0
1226,"Meera Rattan",Dhule,1011,14984,Healthcare,15,32,19,4,20,3.84,6,1
1227,"Aadhya Dalal",Nashik,781,6759,Logistics,48,21,5,13,15,26.72,1,1
1228,"Azaan Sunder",Shirpur,173,46949,Retail,61,46,2,20,43,59.67,9,0
1229,"Viraj Panchal",Indore,638,31838,Logistics,32,5,12,23,39,50.81,5,1
1230,"Nimrat Varty",Pune,1254,7482,Logistics,98,6,12,15,25,33.61,7,0
1231,"Riya Dhingra",Nashik,1177,29442,Logistics,59,38,1,24,15,4.91,9,0
1232,"Ranbir Kibe",Surat,216,38719,Finance,52,22,4,12,27,31.31,9,0
1233,"Wyatt Raj",Nagpur,1379,32965,Retail,28,18,16,24,0,34.3,1,0
1234,"Lajita Yadav",Ahmedabad,493,7079,Healthcare,78,14,5,28,35,66.93,1,1
1235,"Tanmayi Bobal",Indore,1402,7717,Retail,60,10,1,21,9,46.52,3,1
1236,"Ekani Chakrabarti",Nashik,689,32952,Healthcare,20,46,3,21,42,23.13,6,0
1237,"Yachana Chhabra",Mumbai,793,25908,Finance,21,13,10,24,16,38.3,2,0
1238,"Sai Chakrabarti",Ahmedabad,984,47460,Finance,83,31,7,19,22,5.69,10,0
1239,"Tanish Sampath",Surat,432,29861,Finance,17,30,11,21,6,70.05,1,1
1240,"Tarak Choudhary",Ahmedabad,1399,12311,Finance,33,3,7,3,43,26.56,1,1
1241,"Simon Gulati",Dhule,176,33071,Healthcare,50,30,10,10,6,34.93,5,0
1242,"Jasmit Sem",Nashik,1201,28570,Logistics,45,6,19,16,43,26.23,4,0
1243,"Rajata Varkey",Pune,893,23449,Healthcare,94,29,7,6,14,49.46,1,1
1244,"Chaman Gill",Indore,518,38536,Retail,81,8,7,13,33,48.02,4,1
1245,"Jagrati Chokshi",Ahmedabad,958,43258,Finance,64,44,16,25,44,51.79,3,0
1246,"Kashish Nagarajan",Pune,580,33865,Finance,18,45,19,10,3,20.04,2,1
1247,"Ekalinga Rao",Pune,367,11645,Retail,56,43,19,27,13,23.41,9,1
1248,"Isha Bakshi",Mumbai,901,43000,Healthcare,24,44,15,21,13,9.89,1,1
1249,"Irya Oza",Mumbai,670,31737,Logistics,57,33,13,8,15,47.54,7,0
1250,"Adya Raju",Nashik,502,16485,Logistics,91,17,10,22,6,3.83,4,1
1251,"Oscar Bahri",Surat,180,43565,Retail,51,48,6,12,31,43.44,5,1
1252,"Yashodhara Raghavan",Dhule,1468,30522,Logistics,69,11,15,22,18,62.75,10,1
1253,"Megha Rau",Mumbai,1351,17342,Healthcare,93,13,12,17,1,64.25,5,0
1254,"Rohan Kapur",Ahmedabad,292,45806,Healthcare,79,11,14,27,9,32.88,1,0
1255,"Samaksh Arya",Surat,173,18087,Retail,21,31,15,10,16,33.61,6,0
1256,"Ekani Banik",Nagpur,375,42641,Healthcare,11,28,8,14,36,6.46,9,1
1257,"Kalpit Dutt",Mumbai,653,39249,Finance,16,44,2,24,11,48.62,2,0
1258,"Aadi Vora",Dhule,1046,15093,Retail,89,6,18,25,5,59.31,7,1
1259,"Champak Basu",Mumbai,910,21438,Healthcare,12,41,19,24,21,18.37,6,1
1260,"Turvi Sha",Nashik,31,45411,Retail,12,16,4,21,31,30.91,5,1
1261,"Ria Merchant",Pune,926,31399,Logistics,36,4,9,28,40,60.56,4,1
1262,"Ishanvi Yogi",Surat,1357,24846,Healthcare,49,35,16,18,19,63.28,4,1
1263,"Nilima Dubey",Pune,283,20708,Finance,42,48,14,0,0,18.27,6,0
1264,"Siya Mahajan",Nagpur,482,49039,Healthcare,10,26,7,3,5,40.09,4,1
1265,"Dayamai Kota",Pune,1090,15998,Retail,17,12,14,13,18,14.67,5,1
1266,"William Doctor",Ahmedabad,1213,35678,Retail,41,11,13,13,17,8.23,6,1
1267,"Aarav Upadhyay",Dhule,1044,15682,Healthcare,57,37,19,2,5,65.69,5,0
1268,"Bhavya Pau",Shirpur,38,13519,Finance,13,25,6,29,44,59.26,7,1
1269,"Radhika Narang",Mumbai,1286,36480,Finance,79,18,11,27,32,54.96,9,0
1270,"Upasna Kapur",Nashik,1152,24694,Finance,28,19,16,16,22,4.46,10,0
1271,"Hemani Dave",Surat,845,8300,Retail,41,23,16,2,22,60.9,7,0
1272,"Naksh Mittal",Surat,237,11722,Healthcare,18,38,9,15,25,32.1,7,0
1273,"Abhiram Bedi",Nagpur,1184,44986,Logistics,21,18,18,13,12,25.31,4,0
1274,"Henry Shah",Ahmedabad,433,29160,Retail,20,26,13,29,6,39.8,1,0
1275,"Triya Sarkar",Nashik,181,25059,Finance,55,6,10,19,14,7.49,8,0
1276,"Yoshita Bahl",Nashik,83,40822,Healthcare,25,4,1,28,43,54.72,4,0
1277,"Lakshmi Saha",Shirpur,1173,18575,Finance,10,44,17,12,26,42.35,1,1
1278,"Chanchal Maharaj",Nagpur,657,12970,Logistics,72,29,6,14,25,14.25,5,0
1279,"Agastya Chaudhary",Surat,616,39911,Finance,30,34,11,13,32,14.36,8,0
1280,"Zansi Mallick",Nagpur,1473,26591,Finance,39,17,1,23,14,14.08,4,1
1281,"Jacob Mand",Nagpur,1475,36821,Logistics,22,43,19,24,35,5.05,8,1
1282,"Sai Oommen",Mumbai,133,14503,Healthcare,43,43,17,18,44,42.73,8,1
1283,"Keya Bhasin",Surat,283,23922,Retail,13,16,5,5,26,60.66,3,1
1284,"Vritti Mani",Surat,1280,17175,Healthcare,37,2,9,9,4,2.24,9,0
1285,"Darpan Sarma",Dhule,1165,46124,Logistics,68,34,19,26,1,4.48,3,1
1286,"Anay Venkatesh",Nashik,539,26389,Finance,36,8,14,14,32,41.67,1,0
1287,"Vansha Narayan",Indore,128,5822,Healthcare,78,13,4,20,15,59.18,2,1
1288,"Yamini Nair",Nashik,182,22327,Retail,34,42,19,21,22,24.2,6,1
1289,"Zashil Gupta",Nashik,943,11150,Logistics,12,8,2,19,37,25.82,10,0
1290,"Tanish Majumdar",Surat,907,9425,Healthcare,77,30,4,25,15,43.34,2,1
1291,"Ayushman Mall",Pune,367,21032,Retail,34,32,7,5,13,20.47,6,0
1292,"Tanmayi Parmer",Indore,851,7198,Logistics,29,36,7,22,28,2.89,1,1
1293,"Onkar Aggarwal",Surat,1216,25079,Retail,43,47,7,24,25,53.2,1,1
1294,"Inaya Sarna",Nashik,986,41220,Logistics,35,30,11,9,34,45.42,5,1
1295,"Oviya Thaker",Pune,190,46874,Finance,14,1,7,6,14,42.23,10,1
1296,"Manbir Chaudhry",Surat,830,18859,Healthcare,70,43,10,21,2,53.66,9,0
1297,"Pranit Guha",Shirpur,427,36419,Retail,18,39,13,16,22,48.94,8,1
1298,"Vedika Sabharwal",Nashik,1330,13705,Logistics,59,17,7,17,28,15.62,3,1
1299,"Krishna Contractor",Nagpur,845,47880,Retail,15,20,9,16,33,26.03,3,1
1300,"Mugdha Vaidya",Shirpur,1445,28236,Retail,92,24,6,8,32,9.95,1,1
1301,"Yatin Thaker",Surat,1188,27419,Healthcare,69,22,16,9,40,10.22,3,1
1302,"Sachi Sehgal",Pune,1248,24978,Finance,53,29,3,9,40,49.01,1,1
1303,"Chavvi Wali",Mumbai,430,42609,Retail,20,22,12,24,22,61.96,8,1
1304,"Samaksh Hora",Pune,669,20358,Logistics,75,44,3,6,6,69.35,1,1
1305,"Ekaraj Murty",Dhule,1086,39177,Logistics,56,9,4,15,2,45.61,5,0
1306,"Pallavi Ghosh",Dhule,717,34378,Finance,82,37,3,28,31,14.07,9,1
1307,"Agastya Rao",Dhule,489,42334,Logistics,94,10,17,17,30,8.5,7,1
1308,"Aryan Walia",Ahmedabad,984,16382,Finance,97,36,5,5,17,58.71,4,0
1309,"Yutika Shere",Dhule,499,19596,Logistics,95,37,1,26,42,42.09,9,1
1310,"Qabil Vala",Pune,1428,38572,Healthcare,12,28,10,19,6,44.9,9,0
1311,"Anita Soman",Nagpur,1075,18221,Retail,85,28,13,0,40,56.48,2,1
1312,"Dalaja Rajagopal",Indore,779,6279,Healthcare,39,42,4,0,0,50.93,10,0
1313,"Idika Tiwari",Mumbai,67,12083,Retail,99,43,5,11,13,60.25,10,0
1314,"Maya Batta",Mumbai,259,48861,Retail,30,21,9,20,31,4.99,6,0
1315,"Ekapad Mukhopadhyay",Ahmedabad,1418,22771,Retail,37,24,7,27,5,54.07,4,1
1316,"Ekavir Raghavan",Dhule,592,34975,Healthcare,99,42,13,1,38,61.41,8,1
1317,"Lajita Pandya",Indore,467,24063,Retail,71,40,2,3,9,21.32,7,0
1318,"Rishi Bala",Mumbai,1336,7106,Healthcare,42,2,11,16,6,46.47,7,0
1319,"Watika Gupta",Shirpur,56,29557,Finance,94,8,15,3,25,23.31,10,1
1320,"Laban Mutti",Shirpur,255,25607,Logistics,44,48,16,10,33,69.02,9,1
1321,"Aadi Parekh",Surat,1330,42599,Logistics,61,27,0,21,29,3.37,5,1
1322,"Sudiksha Ghosh",Pune,827,33529,Retail,43,22,9,25,35,42.17,6,1
1323,"Kabir Radhakrishnan",Nagpur,313,40954,Healthcare,50,37,9,3,20,12.82,1,1
1324,"Veer Bhatnagar",Shirpur,908,32856,Logistics,60,27,1,0,16,51.57,6,0
1325,"Jalsa Muni",Mumbai,989,7573,Healthcare,56,29,8,6,32,13.49,2,1
1326,"Ayush Parmar",Nashik,482,17808,Healthcare,91,3,12,29,9,17.71,6,1
1327,"Suhani Manda",Dhule,1049,40367,Retail,67,44,15,17,41,36.1,9,0
1328,"Aarnav Singh",Pune,845,41801,Logistics,84,13,17,8,11,65.95,8,1
1329,"Faris Dhillon",Shirpur,688,46196,Retail,66,45,18,28,15,16.03,9,1
1330,"Unni Dewan",Nagpur,576,39072,Retail,32,10,11,2,40,11.24,10,1
1331,"Jagat Sama",Dhule,1245,28752,Logistics,57,36,7,7,31,54.89,8,1
1332,"Zansi Sagar",Nashik,1102,22685,Logistics,31,9,16,28,14,36.54,3,0
1333,"Ekaraj Sarna",Indore,46,46401,Finance,26,27,14,23,26,65.74,8,0
1334,"Ekanta Taneja",Mumbai,1225,16372,Finance,78,34,9,18,27,11.41,6,1
1335,"Amaira Tank",Mumbai,1273,13996,Healthcare,20,1,14,3,16,46.86,6,0
1336,"Harita Barman",Nashik,187,21458,Logistics,24,32,14,17,1,17.53,6,1
1337,"Tanmayi Sant",Ahmedabad,506,36889,Finance,44,25,6,19,35,12.13,3,1
1338,"Tara Vasa",Dhule,1099,31665,Healthcare,42,29,12,26,6,49.52,10,1
1339,"Chakradev Gole",Nagpur,1426,43243,Healthcare,93,7,16,10,12,43.15,1,0
1340,"Pavani Anne",Dhule,547,36653,Healthcare,25,49,8,26,14,54.59,4,0
1341,"Yashawini Prabhu",Indore,128,31657,Finance,43,3,7,13,24,22.97,10,0
1342,"Jacob Puri",Mumbai,1090,44952,Logistics,75,20,19,24,22,32.81,6,1
1343,"Udyati Andra",Shirpur,309,27180,Retail,49,20,17,17,21,29.79,10,1
1344,"Henry Deol",Mumbai,1402,36896,Healthcare,37,30,12,27,25,70.87,2,1
1345,"Devika Dua",Indore,526,17875,Finance,56,35,15,27,32,21.75,7,1
1346,"Wishi Dyal",Nashik,331,6622,Finance,48,35,8,28,10,21.93,7,1
1347,"Warjas Mander",Pune,210,45809,Retail,79,49,11,15,9,26.17,4,0
1348,"Umang Sheth",Surat,636,21725,Retail,82,39,11,2,24,41.09,4,0
1349,"Turvi Gandhi",Nagpur,1152,45760,Finance,29,27,5,14,36,18.91,1,0
1350,"Sneha Bajwa",Dhule,729,20646,Logistics,10,26,18,26,42,65.99,2,0
1351,"Faraj Shenoy",Indore,1022,22029,Retail,81,14,6,26,37,19.86,9,1
1352,"Agastya Seshadri",Pune,1169,34402,Finance,96,17,2,3,40,64.6,10,1
1353,"Ira Kala",Surat,220,9263,Retail,72,18,15,4,44,8.35,8,0
1354,"Rohan Vaidya",Indore,282,35987,Logistics,76,45,17,16,23,47.62,8,0
1355,"Ranveer Agarwal",Pune,1010,13646,Healthcare,13,29,15,6,39,65.4,9,1
1356,"Forum Vohra",Shirpur,957,32529,Retail,67,20,6,15,32,12.98,7,0
1357,"Upadhriti Tailor",Nagpur,1214,16664,Logistics,34,27,3,13,16,69.75,9,0
1358,"Udarsh Borah",Ahmedabad,1309,40737,Finance,56,18,7,25,23,33.15,10,1
1359,"Yadavi Nagar",Nagpur,1376,40796,Retail,47,4,12,15,36,68.15,2,1
1360,"Dhriti Kashyap",Surat,157,29027,Retail,24,1,12,6,1,49.05,6,0
1361,"Bimala Bhattacharyya",Nagpur,47,34373,Finance,72,1,16,8,31,22.41,3,1
1362,"Bimala Prakash",Nagpur,595,41397,Healthcare,30,26,16,3,23,14.37,6,1
1363,"Abdul Bandi",Pune,599,25609,Finance,66,45,4,29,8,22.57,3,1
1364,"Ayushman Mann",Mumbai,1376,40835,Retail,62,20,5,29,3,7.6,8,1
1365,"Jackson Om",Mumbai,715,43709,Finance,55,23,18,21,16,11.21,4,1
1366,"Zarna Bala",Indore,655,24250,Logistics,23,10,12,10,16,8.43,10,0
1367,"Neel Dayal",Shirpur,1341,26172,Finance,85,11,13,1,29,31.03,6,0
1368,"Abeer Misra",Indore,883,16555,Retail,26,41,3,11,39,57.49,9,0
1369,"Jonathan Nagi",Dhule,991,26874,Finance,48,41,6,11,10,11.04,2,0
1370,"Pooja Morar",Nashik,184,18081,Healthcare,18,5,7,29,20,10.25,2,1
1371,"Max Nagy",Nagpur,519,29063,Finance,86,1,12,3,20,46.68,7,0
1372,"Damyanti Agate",Indore,1439,11819,Healthcare,88,17,5,17,17,15,2,1
1373,"Keya Swamy",Indore,814,30712,Logistics,91,22,5,25,28,7.93,2,1
1374,"Girindra Sarma",Surat,1157,29762,Healthcare,15,34,2,20,23,12.85,4,0
1375,"Jason Kibe",Surat,1446,16046,Finance,32,45,2,6,9,66.58,9,0
1376,"Aachal Ahluwalia",Pune,275,36463,Retail,68,41,12,28,44,59.32,8,1
1377,"Hemang Badal",Shirpur,1229,33769,Healthcare,55,29,1,0,16,26.14,2,0
1378,"Eta Rao",Ahmedabad,1092,28150,Logistics,47,4,15,25,17,47.56,8,0
1379,"Jalsa Palla",Ahmedabad,788,7711,Healthcare,23,5,5,25,41,39.15,4,1
1380,"Lopa Sharaf",Nagpur,567,9853,Healthcare,81,11,7,22,19,49.08,2,1
1381,"Tara Khanna",Indore,950,34077,Healthcare,71,21,7,25,36,49.47,10,0
1382,"Maya Nagar",Nagpur,437,28863,Logistics,44,35,5,12,44,45.64,7,0
1383,"Nikita Pradhan",Ahmedabad,554,26792,Finance,28,12,13,5,17,19.89,6,1
1384,"Nitesh Raj",Indore,857,45483,Healthcare,39,26,2,5,16,3.77,10,0
1385,"Jackson Hans",Indore,932,13942,Healthcare,87,19,9,11,8,33.35,5,0
1386,"Jack Chandran",Dhule,65,6762,Retail,93,45,2,7,13,64.26,1,1
1387,"Owen Ramaswamy",Surat,714,36987,Logistics,34,7,11,23,28,41.43,2,1
1388,"Raagini Brahmbhatt",Dhule,49,20850,Healthcare,49,47,16,21,30,60.1,8,1
1389,"Dalaja Dasgupta",Surat,350,17112,Logistics,97,7,4,18,3,71.41,1,1
1390,"Qabil Chawla",Nashik,541,29058,Healthcare,23,26,19,4,17,12.62,3,1
1391,"Triveni Kari",Ahmedabad,429,43890,Finance,35,40,8,17,19,50.12,2,1
1392,"Ijaya Dugal",Nagpur,683,5481,Finance,96,5,19,29,42,48.87,5,1
1393,"Kala Koshy",Ahmedabad,1001,37921,Healthcare,31,21,6,4,43,70.58,4,0
1394,"Avi Kaur",Shirpur,500,45385,Finance,57,14,3,29,8,70.98,7,1
1395,"Abhimanyu Mody",Nashik,1196,6524,Healthcare,92,4,12,24,12,49.75,5,1
1396,"Chatura Hegde",Mumbai,1145,39888,Finance,60,23,12,9,14,18.3,8,0
1397,"Chaaya Hans",Nashik,1407,20048,Retail,12,42,9,0,26,57.7,4,1
1398,"Harrison Sani",Surat,863,40111,Retail,51,20,17,9,14,8.6,6,1
1399,"Samarth Parikh",Pune,756,42904,Retail,28,15,16,4,27,56.43,4,0
1400,"Nimrat Gara",Nagpur,883,39008,Logistics,82,45,19,11,36,65.62,2,1
1401,"Yahvi Dyal",Mumbai,80,5060,Logistics,37,29,19,21,18,28.18,1,1
1402,"Tanvi Chand",Nashik,604,14130,Retail,93,8,12,29,25,45.78,1,1
1403,"Charan Taneja",Shirpur,1243,23023,Logistics,54,41,16,26,25,31.54,8,1
1404,"Kritika Goyal",Nagpur,1178,18350,Finance,80,48,3,6,24,32.08,4,0
1405,"Suhani Shere",Indore,179,29354,Healthcare,87,19,0,8,25,23.04,5,0
1406,"Unni Baria",Dhule,343,33145,Healthcare,72,48,0,21,25,55.11,8,0
1407,"Nisha Swamy",Mumbai,599,39020,Healthcare,82,39,14,20,27,67.47,7,1
1408,"Aditya Bhargava",Dhule,1395,25587,Retail,28,46,12,11,17,67.79,8,0
1409,"Harini Tandon",Ahmedabad,334,46131,Logistics,56,28,16,22,31,13.41,8,0
1410,"Daksha Om",Pune,711,14650,Finance,23,46,7,28,2,63.11,6,1
1411,"Aarush Doctor",Ahmedabad,867,24933,Finance,47,27,17,0,1,53.36,10,0
1412,"Upadhriti Srivastava",Indore,1107,25581,Retail,62,4,12,10,32,18.95,2,0
1413,"Robert Varkey",Dhule,1032,28393,Finance,70,15,13,29,41,5.78,6,1
1414,"Liam Krish",Mumbai,473,28051,Finance,45,35,7,20,18,20.03,1,1
1415,"Harshil Gole",Mumbai,642,31212,Finance,49,37,7,14,16,65.77,1,1
1416,"Neel Ahuja",Mumbai,1022,9090,Finance,90,1,14,1,43,45.96,3,1
1417,"Ekanta Narayan",Nashik,293,11960,Logistics,39,3,12,19,32,52.19,3,1
1418,"Nidhi Taneja",Pune,1106,40772,Finance,18,47,6,6,11,19.26,5,0
1419,"Pushti Thaman",Surat,1033,26520,Healthcare,73,24,4,20,2,52.08,1,0
1420,"Shaurya Chauhan",Shirpur,34,41408,Retail,42,27,16,11,42,3,10,0
1421,"Ekantika Sampath",Surat,1156,33470,Logistics,61,40,15,21,25,27.65,6,1
1422,"Ati Mahajan",Nashik,1249,25491,Finance,98,36,1,17,34,45.5,7,1
1423,"Faraj Dara",Mumbai,803,6341,Logistics,23,34,17,2,7,11.37,10,1
1424,"Farhan Venkatesh",Surat,906,49623,Finance,84,29,16,6,35,59.43,3,1
1425,"Daniel Radhakrishnan",Nashik,1021,29791,Healthcare,62,24,6,10,6,17.69,4,0
1426,"Parth Saran",Surat,913,5338,Retail,68,24,12,17,35,47.31,10,0
1427,"Dominic Nayar",Mumbai,1403,10895,Finance,87,42,17,11,15,29.77,10,0
1428,"Harish Arora",Surat,76,17254,Finance,50,4,13,5,23,43.32,10,1
1429,"Abdul Mistry",Ahmedabad,896,16344,Finance,77,3,17,4,0,8.63,10,1
1430,"Osha Batta",Indore,852,6750,Finance,77,34,12,25,24,2.2,10,1
1431,"Vanya Garde",Ahmedabad,965,7421,Retail,17,49,10,0,9,65.58,3,0
1432,"Ria Shah",Nagpur,685,44887,Retail,11,23,15,11,15,20.14,1,1
1433,"Gaurang Doctor",Shirpur,298,10319,Healthcare,95,23,16,26,15,59.2,8,0
1434,"Avni Balakrishnan",Ahmedabad,399,20896,Retail,50,45,7,25,7,71.95,10,0
1435,"Gopal Mand",Shirpur,665,16918,Finance,64,5,18,10,28,16.01,10,1
1436,"Reva Keer",Mumbai,1159,30064,Healthcare,25,31,19,3,38,19.83,2,0
1437,"Nihal Dass",Dhule,686,32935,Healthcare,71,41,14,26,27,48.06,1,1
1438,"Girik Sane",Ahmedabad,149,42641,Healthcare,57,6,8,17,5,69.55,8,0
1439,"Qadim Luthra",Nashik,860,34711,Finance,39,37,19,3,15,66.02,7,1
1440,"Bhavya Gupta",Shirpur,1111,9806,Logistics,21,10,9,16,19,36.7,7,0
1441,"Chaitanya Suri",Pune,1399,46360,Finance,44,40,11,1,15,57.45,4,0
1442,"Ranveer Ganesh",Surat,770,17182,Retail,20,7,19,28,6,10.64,9,1
1443,"Sanaya Mane",Pune,146,27297,Retail,73,39,0,23,40,70.4,6,0
1444,"Nitara Sachar",Nashik,820,24541,Finance,59,38,19,21,13,69.47,2,1
1445,"Jagvi Ramakrishnan",Mumbai,1180,33921,Finance,94,21,8,1,42,12.62,1,1
1446,"Irya Hans",Pune,1446,21774,Healthcare,30,20,14,11,25,22.26,1,0
1447,"Radhika Guha",Pune,1042,49813,Finance,78,3,0,5,25,8.11,9,0
1448,"Krishna Narang",Surat,1111,42198,Healthcare,57,22,11,9,13,20.29,4,0
1449,"Vasudha Gopal",Pune,663,13820,Retail,29,47,2,24,6,58.93,5,1
1450,"Chandresh Wali",Dhule,542,29070,Healthcare,76,4,10,22,32,27.86,3,1
1451,"Vrinda Patel",Dhule,831,9232,Finance,53,28,1,24,25,7.28,4,0
1452,"Maya Doctor",Ahmedabad,1149,16122,Retail,42,12,15,20,44,25.3,8,1
1453,"Aarnav Apte",Shirpur,1171,20023,Logistics,82,38,8,22,19,70.68,4,1
1454,"Indira Doctor",Indore,589,13007,Healthcare,70,36,14,26,2,45.71,9,1
1455,"Michael Choudhury",Shirpur,517,22905,Retail,18,47,11,15,3,30.55,9,0
1456,"Leela Dua",Surat,1290,46786,Healthcare,77,41,0,13,25,12.82,6,0
1457,"Vidhi Varma",Pune,926,34398,Retail,44,5,12,6,10,71.02,2,1
1458,"Siddharth Pillai",Pune,1325,39268,Retail,90,13,13,27,1,59.28,10,1
1459,"Zaitra Ahluwalia",Nashik,1242,11737,Healthcare,97,23,7,27,13,20.98,7,0
1460,"Krisha Pau",Nagpur,733,41062,Logistics,74,30,7,18,43,5.97,9,1
1461,"Aarav Anne",Shirpur,610,30510,Retail,17,37,11,22,29,5.02,6,1
1462,"Maanav Subramaniam",Pune,819,24426,Retail,54,25,0,16,11,9.55,3,1
1463,"Sneha Sinha",Indore,890,42265,Retail,96,48,10,8,25,42.23,7,0
1464,"Omaja Ramachandran",Surat,276,22850,Logistics,56,27,7,25,43,66.94,5,1
1465,"Balhaar Issac",Pune,1129,5614,Logistics,49,14,9,12,32,36.27,1,1
1466,"Wriddhish Loke",Nashik,183,26776,Finance,85,48,18,21,12,60.85,3,1
1467,"Aishani Chakrabarti",Nashik,1488,29077,Healthcare,63,47,10,4,13,32.66,5,0
1468,"Pavani Misra",Dhule,1026,14374,Logistics,85,36,6,22,23,51.31,7,1
1469,"Irya Raja",Ahmedabad,1139,40435,Healthcare,55,39,10,4,33,52.96,3,1
1470,"Yachana Puri",Pune,726,35907,Finance,56,16,16,9,43,13.35,6,1
1471,"Adweta Ahluwalia",Surat,1338,18409,Healthcare,24,22,0,20,25,26.65,5,0
1472,"Jagvi Mangat",Ahmedabad,1273,21514,Logistics,28,21,7,26,20,46.25,1,0
1473,"Warjas Prabhu",Pune,1122,34866,Healthcare,35,21,5,9,27,6.02,10,1
1474,"Vasana Choudhury",Shirpur,1100,7983,Logistics,61,8,17,26,35,26.67,6,1
1475,"Tamanna Kaur",Indore,1038,36705,Healthcare,31,49,5,6,39,38.97,8,0
1476,"Nihal Kapadia",Shirpur,123,25662,Logistics,30,16,4,25,1,71.73,1,0
1477,"Vedhika Cherian",Pune,987,28510,Logistics,60,31,12,14,41,34.69,2,1
1478,"Kai Munshi",Ahmedabad,1041,17651,Healthcare,47,42,18,6,8,58.94,4,1
1479,"Hiral Madan",Pune,482,45998,Finance,29,10,7,28,22,31.68,2,1
1480,"Turvi Saraf",Dhule,1257,33535,Retail,38,32,8,26,14,57.54,9,0
1481,"Dalbir Misra",Dhule,941,11640,Finance,60,34,16,14,12,43.27,10,0
1482,"Mason Singh",Nagpur,247,49547,Healthcare,13,9,2,2,22,63.95,8,0
1483,"Ati Banik",Ahmedabad,503,20317,Finance,64,17,18,18,16,30.18,8,1
1484,"Bakhshi Bhatia",Mumbai,461,12564,Logistics,80,11,10,9,1,43.91,4,0
1485,"Owen Palla",Pune,370,32345,Retail,37,32,16,27,19,45.73,5,1
1486,"Elijah Sethi",Nagpur,580,33687,Healthcare,13,10,18,28,19,30.63,4,1
1487,"Alka Modi",Pune,1342,18737,Healthcare,31,22,1,14,2,11.25,9,0
1488,"Yashvi Bhatnagar",Surat,1307,14323,Healthcare,85,17,7,2,11,7.64,2,0
1489,"Niharika Rajagopalan",Mumbai,386,20229,Retail,54,4,18,5,39,2.18,8,0
1490,"Girish Varghese",Mumbai,52,49481,Logistics,76,48,6,11,1,63.02,2,1
1491,"Advaith Manne",Mumbai,551,13502,Healthcare,95,47,16,14,35,17.79,1,1
1492,"Kabir Bal",Shirpur,1153,5545,Finance,75,25,5,5,13,16.02,10,0
1493,"Neelima Natarajan",Mumbai,831,42114,Healthcare,97,21,18,12,15,53.26,3,1
1494,"Aradhana Zacharia",Pune,1233,34430,Healthcare,43,37,5,28,18,23.72,9,1
1495,"Samaksh Kumer",Ahmedabad,1276,14996,Healthcare,64,38,1,18,33,36.93,3,1
1496,"Wahab Dua",Ahmedabad,791,32788,Healthcare,10,49,5,2,43,12.54,9,1
1497,"Tanveer Mahal",Dhule,471,34969,Logistics,81,1,4,7,5,69.14,7,0
1498,"Veer Srinivas",Surat,798,18919,Finance,96,25,18,7,12,61.46,10,1
1499,"Advay Baria",Surat,1045,8810,Logistics,47,36,19,22,35,62.33,1,1
1500,"Irya Yogi",Shirpur,1378,35586,Finance,15,17,3,25,21,29.88,10,1
1501,"Ojasvi Agrawal",Mumbai,545,44974,Healthcare,95,41,16,19,17,55.13,5,1
1502,"Raghav Gaba",Mumbai,1069,46773,Retail,34,24,10,14,11,11.22,9,0
1503,"Odika Gaba",Dhule,821,21371,Logistics,91,2,3,3,29,1.61,3,1
1504,"Aadhya Kalita",Indore,365,34629,Retail,26,40,12,18,39,2.42,9,1
1505,"Mitesh Dua",Nagpur,287,13436,Logistics,70,15,19,20,6,42.65,5,1
1506,"Vrinda Guha",Nashik,526,17984,Healthcare,21,32,16,2,31,33.33,9,1
1507,"Guneet Banerjee",Nashik,925,38039,Logistics,15,39,8,12,18,37.78,10,0
1508,"Anthony Pai",Nashik,189,24895,Healthcare,99,6,3,7,5,1.53,6,0
1509,"Gaurang Ganesh",Pune,881,23155,Logistics,36,1,13,22,19,31.01,9,1
1510,"Nandini Kaul",Mumbai,719,15616,Healthcare,17,47,18,15,26,51.98,7,1
1511,"Omkaar Gala",Dhule,409,42129,Healthcare,92,23,2,12,42,32.43,7,1
1512,"Ubika Karan",Nashik,986,44837,Finance,74,39,13,2,36,52.99,8,1
1513,"Vrishti Pingle",Nagpur,720,29574,Healthcare,66,17,7,15,6,17.54,7,0
1514,"Lucky Bumb",Nashik,1480,8430,Finance,49,34,0,8,4,58.73,9,0
1515,"Abdul Dora",Ahmedabad,1321,17676,Healthcare,23,41,9,27,10,42.78,9,0
1516,"Oviya Sankar",Ahmedabad,1470,15816,Retail,44,29,17,13,14,15.96,6,0
1517,"Brinda Mishra",Shirpur,1221,37733,Healthcare,57,9,15,12,2,17.81,7,1
1518,"Yamini Kala",Indore,1096,25144,Retail,93,13,7,20,4,45.59,2,1
1519,"Lajita Tripathi",Shirpur,314,7050,Retail,65,6,0,24,22,59.93,9,1
1520,"Yadavi Dyal",Nashik,426,49460,Healthcare,58,6,11,6,36,30.51,1,1
1521,"Henry Mukhopadhyay",Nashik,41,38933,Retail,22,20,7,14,8,19.34,1,0
1522,"Ekansh Naik",Surat,1355,29951,Finance,70,3,15,6,14,62.56,3,1
1523,"Jagrati Kala",Nagpur,1306,37413,Logistics,58,17,17,5,2,48.52,6,1
1524,"Samar Krishna",Dhule,528,39801,Healthcare,55,49,3,1,28,32.81,5,1
1525,"Kashvi Raja",Indore,783,37913,Retail,71,12,5,8,5,35.64,2,1
1526,"Isha Kapadia",Mumbai,64,45600,Healthcare,17,48,11,21,16,15.5,9,1
1527,"Jonathan Choudhary",Pune,756,30280,Finance,52,47,8,23,25,45.5,10,0
1528,"Anamika Loyal",Dhule,878,29557,Healthcare,29,45,14,16,20,26.47,4,1
1529,"Balhaar Doctor",Indore,119,40400,Healthcare,99,1,15,4,7,71.69,4,0
1530,"Ethan Bajaj",Ahmedabad,805,9494,Retail,48,17,11,11,20,35.09,5,0
1531,"Urvi Sachdeva",Mumbai,634,20152,Finance,94,3,13,0,10,35.5,8,1
1532,"Nidhi Bhandari",Nashik,999,28895,Logistics,58,26,12,9,37,41.18,10,1
1533,"Kalpit Nagar",Nagpur,1051,14155,Logistics,73,15,1,10,7,66.09,4,1
1534,"Falguni Varkey",Pune,447,36883,Retail,71,36,2,15,41,57.86,5,1
1535,"Lucky Cheema",Nagpur,144,48194,Healthcare,63,32,9,13,23,33.03,4,0
1536,"Umang Goel",Nagpur,646,48001,Retail,18,32,8,7,34,52.03,6,0
1537,"Girik Sridhar",Nagpur,1249,6828,Retail,97,4,19,23,13,42.62,3,1
1538,"Lakshmi Hora",Dhule,855,46898,Retail,46,18,7,16,13,35.96,8,0
1539,"Tara Nayar",Indore,1128,37123,Healthcare,58,49,9,24,9,14.65,6,1
1540,"Bishakha Narula",Pune,442,42573,Finance,50,19,18,17,11,33.94,10,1
1541,"Hiral Srinivasan",Nagpur,1429,5806,Retail,26,43,2,11,37,18.45,5,0
1542,"Vrinda Rout",Ahmedabad,1473,45970,Healthcare,97,35,4,24,43,65.95,2,0
1543,"Xavier Ratta",Mumbai,758,34757,Finance,30,40,2,16,33,24.81,10,1
1544,"Yachana Ganguly",Mumbai,1330,39636,Retail,60,14,15,27,40,68.61,10,1
1545,"Yug Shukla",Nagpur,1050,19561,Logistics,68,33,16,25,9,38.85,7,1
1546,"Leena Srivastava",Indore,790,29262,Finance,48,14,14,13,16,45.84,2,1
1547,"Tejas Dixit",Indore,705,19899,Retail,64,34,2,15,16,39.55,1,0
1548,"Avi Randhawa",Pune,1447,20934,Finance,50,4,11,13,2,10.19,7,0
1549,"Max Modi",Dhule,486,43197,Finance,48,24,8,8,30,27.68,5,0
1550,"Vinaya Merchant",Shirpur,949,46844,Finance,22,29,11,3,0,8.04,1,1
1551,"Chandresh Singh",Surat,221,41332,Finance,73,19,14,24,11,45.23,4,0
1552,"Jacob Kari",Nashik,768,39157,Finance,20,6,1,22,38,32.73,4,1
1553,"Abha Om",Nashik,1152,16593,Finance,28,33,17,10,3,56.24,10,0
1554,"Vasatika Bassi",Nagpur,1007,45042,Retail,20,49,19,5,41,16.65,7,1
1555,"Damyanti Chhabra",Surat,1038,22320,Logistics,86,40,11,14,12,12.68,9,0
1556,"Sachi Sarkar",Surat,125,32376,Healthcare,55,19,3,4,33,29.85,2,1
1557,"Hitesh Anne",Shirpur,692,48513,Finance,54,1,15,10,41,66.79,1,1
1558,"Janaki Sibal",Nagpur,1243,19199,Healthcare,10,5,15,24,20,51.44,2,1
1559,"Waida Sagar",Nashik,66,20876,Retail,49,27,0,17,21,30.74,7,0
1560,"Nidhi Devan",Pune,1422,13245,Finance,28,16,1,29,3,37.73,10,1
1561,"Anjali Nayar",Pune,308,12214,Logistics,85,6,2,12,17,6.98,6,0
1562,"Bahadurjit Joshi",Shirpur,246,5726,Healthcare,81,40,19,10,4,70.9,4,0
1563,"Pratyush Parmar",Pune,896,16362,Finance,81,13,16,13,18,48.31,1,0
1564,"Kritika Mangal",Nashik,902,23297,Retail,70,48,19,27,1,21.26,1,1
1565,"Siddharth Luthra",Ahmedabad,1326,35448,Logistics,21,35,0,17,11,42.59,5,0
1566,"David Setty",Nashik,91,31172,Healthcare,70,19,19,26,16,8.77,1,1
1567,"Sarthak Parikh",Nagpur,625,47874,Healthcare,42,12,5,27,9,69.57,7,1
1568,"Libni Kar",Shirpur,758,12657,Finance,54,16,14,24,33,13.41,1,0
1569,"Oscar Bir",Pune,1395,23850,Logistics,99,43,13,27,5,47.01,1,0
1570,"Meera Sant",Pune,426,30425,Logistics,78,10,19,18,7,18.43,2,1
1571,"Noah Deep",Nashik,728,31685,Logistics,17,25,14,23,10,51.95,10,0
1572,"Xiti Rege",Surat,1072,29578,Logistics,34,20,13,26,11,56.15,3,1
1573,"Brinda Gulati",Ahmedabad,206,33831,Retail,55,31,4,14,8,48.81,1,1
1574,"Aradhana Badal",Indore,425,12906,Logistics,96,4,5,8,1,44.63,9,0
1575,"Qasim Mane",Nagpur,474,12287,Healthcare,39,44,16,7,7,64.37,10,1
1576,"Liam Rajagopal",Pune,1286,38660,Healthcare,56,23,10,19,10,6.58,8,0
1577,"Teerth Khanna",Indore,105,15222,Retail,96,2,15,27,35,24.49,5,1
1578,"Gunbir Barad",Mumbai,294,42443,Healthcare,58,22,11,0,9,18.63,2,0
1579,"Urishilla Natt",Shirpur,484,39701,Healthcare,56,37,14,3,20,71.15,5,1
1580,"Xiti Gill",Shirpur,747,22764,Logistics,93,8,3,13,19,28.65,6,0
1581,"Chatresh Singh",Shirpur,764,49641,Healthcare,91,7,17,24,7,53.02,1,1
1582,"Onveer Deshpande",Ahmedabad,1437,22674,Retail,27,14,2,1,35,49.62,4,1
1583,"Lohit Upadhyay",Mumbai,880,23024,Logistics,75,3,7,15,28,16.06,9,0
1584,"Banjeet Arora",Pune,1420,28874,Finance,77,16,2,2,41,17.97,2,1
1585,"Hemang Datta",Dhule,173,48642,Logistics,42,19,7,25,11,20.97,5,1
1586,"Qushi Morar",Shirpur,914,37284,Retail,45,18,17,7,13,30.19,1,1
1587,"Barkha Varkey",Pune,1122,22602,Logistics,91,16,9,5,20,17.64,4,0
1588,"Daksh Parikh",Indore,1152,42784,Logistics,28,8,19,15,21,2.4,4,1
1589,"Zehaan Sangha",Indore,425,28265,Retail,37,33,16,23,20,63.44,6,0
1590,"Wridesh Nori",Pune,1078,30931,Logistics,49,49,7,15,43,69.56,10,1
1591,"Lipika Mallick",Pune,977,33841,Retail,93,12,10,6,29,25.25,9,0
1592,"Unni Munshi",Shirpur,920,34192,Retail,85,11,4,29,38,25.03,3,1
1593,"Oscar Rau",Dhule,1204,47520,Finance,24,5,12,12,19,1.5,9,0
1594,"Anmol Kala",Indore,1197,20585,Healthcare,50,27,4,12,23,49.3,6,0
1595,"Vaishnavi Saxena",Indore,598,30559,Healthcare,48,12,12,4,22,59.61,7,0
1596,"Reyansh Borah",Surat,1092,45059,Logistics,11,17,5,24,6,11.41,10,0
1597,"Harsh Gandhi",Pune,138,38742,Logistics,72,6,4,19,8,12.34,2,1
1598,"Oviya Sundaram",Surat,1095,9133,Finance,38,33,8,21,0,57.1,10,0
1599,"Lohit Wable",Indore,1239,19663,Finance,83,5,15,17,25,44.76,6,1
1600,"Yashodhara Andra",Dhule,964,26754,Finance,75,28,1,14,37,4.19,6,1
1601,"Divya Raj",Surat,427,8972,Retail,60,14,0,17,37,45.2,2,1
1602,"Ekanta Garde",Surat,1276,10295,Finance,84,5,7,1,43,22.93,2,1
1603,"Kashvi Nair",Ahmedabad,663,46873,Finance,86,33,18,9,21,27.18,2,0
1604,"Matthew Keer",Dhule,1186,34125,Logistics,19,48,10,22,43,55.65,10,1
1605,"Samar Nagy",Shirpur,1216,45996,Finance,23,41,11,12,9,58.58,1,0
1606,"Samuel Tak",Nagpur,1268,14903,Retail,91,19,11,17,5,29.43,5,0
1607,"Turvi Goda",Nashik,762,8020,Retail,60,22,6,14,16,68.25,8,0
1608,"Anika Edwin",Nagpur,264,46755,Logistics,82,5,12,11,37,29.86,2,1
1609,"Hamsini Dora",Ahmedabad,687,25420,Finance,48,2,7,14,23,55.8,5,0
1610,"Aradhana Mukherjee",Mumbai,780,26452,Finance,37,30,8,12,9,35.36,8,0
1611,"Hardik Ganesan",Indore,617,43001,Retail,12,47,6,17,7,64.72,10,0
1612,"Gaurika Sehgal",Nashik,1062,14516,Finance,93,39,14,14,20,65.45,5,0
1613,"Harsh Mannan",Nashik,1127,7396,Finance,79,4,1,24,5,7.21,2,1
1614,"Jhalak Mallick",Nashik,983,23546,Finance,36,33,19,22,20,67.49,3,1
1615,"Niharika Chand",Nashik,521,24129,Healthcare,11,13,11,10,38,59.61,6,1
1616,"Jonathan Baria",Mumbai,942,6591,Logistics,47,20,0,18,23,57.18,5,0
1617,"Suhani Samra",Nashik,1306,16303,Healthcare,12,7,7,2,32,15.26,4,1
1618,"Sarthak Divan",Dhule,1283,35561,Logistics,25,15,4,6,17,58.16,4,0
1619,"Rachana Shah",Nagpur,1227,11183,Retail,49,23,14,20,27,61.36,5,1
1620,"Oeshi Rai",Pune,1221,31572,Finance,11,14,0,25,31,21.53,2,0
1621,"Charita Kumar",Pune,199,39080,Logistics,90,23,0,13,11,68.61,9,0
1622,"Agastya Sahota",Mumbai,1446,25695,Healthcare,50,19,9,13,41,4.54,2,1
1623,"Janaki Kibe",Pune,975,12314,Finance,21,29,9,21,26,11.64,10,1
1624,"Frado Suri",Mumbai,824,24623,Retail,44,20,14,12,9,39.17,2,1
1625,"Aarav Pant",Indore,663,7139,Logistics,74,29,16,11,41,41.88,10,0
1626,"Bhavya Shan",Surat,1247,36290,Logistics,64,24,5,23,31,46.81,9,1
1627,"Lavanya Gade",Nashik,58,23088,Logistics,54,18,2,8,41,2.2,3,1
1628,"Yasti Ghosh",Ahmedabad,1218,44692,Finance,88,10,12,0,25,69.19,10,0
1629,"Yuvraj Murty",Ahmedabad,1475,38130,Healthcare,99,41,15,18,24,4.17,7,1
1630,"Wridesh Kara",Ahmedabad,368,37088,Healthcare,94,8,7,10,10,11.16,4,0
1631,"William Bhat",Surat,1418,31292,Logistics,71,26,14,22,22,2,6,1
1632,"Ganga Bassi",Mumbai,1395,25670,Retail,58,29,16,21,33,41.25,4,0
1633,"Alexander Vaidya",Pune,529,8738,Retail,34,10,16,22,39,67.19,10,1
1634,"Waida Singhal",Dhule,540,7469,Healthcare,32,17,12,23,22,48.28,7,0
1635,"Pahal Grewal",Nashik,1380,27534,Retail,33,2,16,21,28,59.41,1,0
1636,"Bhavani Jayaraman",Ahmedabad,246,14017,Healthcare,47,6,5,18,30,1.94,3,0
1637,"Aadi Cherian",Surat,1354,7808,Logistics,37,5,16,17,6,39.48,3,0
1638,"Dayamai Bera",Indore,1185,17713,Healthcare,30,28,15,11,39,33.63,1,0
1639,"Kritika Palla",Surat,1123,45329,Healthcare,63,41,13,22,32,36.43,6,1
1640,"Samesh Rastogi",Ahmedabad,1305,7719,Logistics,27,5,12,27,20,6.13,9,1
1641,"Maanav Joshi",Shirpur,1468,27890,Retail,45,18,5,27,1,49.59,8,0
1642,"Aarnav Bhargava",Dhule,474,16700,Healthcare,54,26,2,27,17,36.73,7,0
1643,"Chaman Borah",Dhule,905,41509,Healthcare,82,20,13,26,32,55.33,10,1
1644,"Arunima Sankaran",Pune,1235,47534,Logistics,62,41,13,0,36,35.46,8,1
1645,"Orinder Virk",Pune,196,41766,Retail,39,49,14,18,33,11.61,6,0
1646,"Ishwar Balan",Nagpur,120,31705,Healthcare,69,27,7,27,19,47.03,9,0
1647,"Nakul Prabhu",Surat,743,23787,Logistics,41,49,14,26,34,13.24,3,0
1648,"Oeshi Bains",Mumbai,68,31588,Healthcare,76,12,12,19,17,62.94,10,0
1649,"Dalbir Kalita",Pune,1179,31123,Finance,76,7,16,28,23,44.53,10,0
1650,"Lajita Chand",Nashik,202,38062,Logistics,37,3,2,29,7,12.16,9,1
1651,"Yadavi Bhakta",Surat,682,15177,Retail,53,10,5,16,29,69.33,4,0
1652,"Kalpit Taneja",Nagpur,783,26727,Retail,88,34,4,4,43,37.8,7,1
1653,"Shravya Sarraf",Nashik,1273,35220,Retail,50,25,16,25,9,6.18,9,0
1654,"Gopal Rau",Mumbai,1111,14882,Retail,72,35,1,2,22,45.51,2,1
1655,"Xalak Jhaveri",Surat,505,6136,Healthcare,32,16,14,1,10,18.98,2,1
1656,"Aachal Shetty",Shirpur,485,39832,Healthcare,84,2,4,2,1,58.06,9,0
1657,"Abdul Bumb",Indore,858,36966,Retail,57,24,19,7,25,59.07,3,1
1658,"Ekalinga Samra",Ahmedabad,924,12009,Retail,41,10,5,15,35,70.51,9,1
1659,"Jasmit Chowdhury",Nashik,1414,17987,Retail,66,38,5,5,32,36.63,5,1
1660,"Azaan Banerjee",Indore,1054,42311,Healthcare,42,22,17,12,12,33.3,6,1
1661,"Bachittar Rajan",Dhule,416,36575,Retail,33,26,17,29,39,54.5,2,1
1662,"Jatin Bhargava",Indore,377,6007,Retail,48,43,3,22,24,10.41,8,1
1663,"Jonathan Rastogi",Ahmedabad,219,10445,Finance,43,39,16,27,3,39.83,9,1
1664,"Bhavika Banerjee",Mumbai,534,15706,Finance,65,27,13,21,41,39.78,2,1
1665,"Ekanta Sood",Nashik,1244,49486,Retail,37,29,13,21,18,7.35,6,1
1666,"Azad Krish",Pune,1422,34257,Logistics,46,47,12,15,17,30.68,6,0
1667,"Jeevika Bala",Mumbai,1462,26736,Retail,16,38,6,27,36,61.58,8,0
1668,"Ryan Som",Surat,853,47207,Finance,77,20,11,15,29,61.79,10,1
1669,"Janya Kar",Dhule,958,18281,Logistics,46,27,14,2,18,8.05,5,0
1670,"Nathaniel Luthra",Nashik,963,6435,Logistics,65,41,18,27,22,7.44,9,1
1671,"Xalak Pandya",Pune,1170,38339,Retail,74,20,10,12,15,19.65,1,0
1672,"Krisha Deshpande",Dhule,163,40150,Finance,74,44,14,13,0,63.11,9,1
1673,"Jack Divan",Ahmedabad,87,30821,Finance,56,19,11,7,11,10.15,10,0
1674,"Ayushman Grover",Shirpur,714,31660,Logistics,29,20,2,11,23,52.12,7,0
1675,"Charan Saran",Indore,701,10084,Retail,28,35,16,22,33,8.18,4,1
1676,"Umang Chahal",Ahmedabad,202,21661,Healthcare,38,47,2,22,7,45.24,3,1
1677,"Victor Misra",Pune,844,18507,Healthcare,83,2,18,21,17,26.28,10,1
1678,"Dhruv Vyas",Ahmedabad,1202,12059,Finance,69,30,19,20,4,57.01,6,1
1679,"Gautami Datta",Nagpur,109,23271,Healthcare,27,34,3,25,25,17.59,1,0
1680,"Jack Raval",Nashik,915,12491,Finance,44,22,2,7,29,46.38,3,1
1681,"Ekantika Barad",Nagpur,1266,19859,Finance,52,3,15,20,12,17.73,2,1
1682,"Aashi Menon",Surat,232,13073,Finance,20,6,11,24,18,51.67,9,1
1683,"Yadavi Issac",Nashik,793,14077,Healthcare,58,15,7,8,28,63.03,3,1
1684,"Dakshesh Desai",Surat,1282,25953,Finance,47,27,16,0,2,10,2,1
1685,"Urishilla Bora",Surat,1280,16383,Logistics,73,10,6,5,25,62.53,4,0
1686,"Janaki Badal",Pune,1494,7353,Retail,78,9,10,22,39,43.14,2,0
1687,"Tanish Dube",Nashik,1455,28821,Retail,17,33,17,18,11,10.02,1,1
1688,"Upma Seshadri",Indore,76,42567,Finance,43,32,0,22,1,31.36,6,1
1689,"Qadim Mistry",Mumbai,1286,29860,Retail,57,48,2,10,10,12.42,10,0
1690,"Ridhi Randhawa",Nashik,1358,26195,Healthcare,65,6,3,10,43,50.72,8,0
1691,"Bishakha Sahni",Mumbai,1196,16939,Healthcare,85,41,12,22,27,54.88,10,1
1692,"Priya Kumer",Pune,1468,30338,Retail,74,36,5,29,17,8.51,10,1
1693,"Ekantika Gaba",Mumbai,1426,26730,Healthcare,40,2,13,12,12,36.94,2,1
1694,"Samuel Vaidya",Indore,1312,26427,Retail,13,29,4,10,36,58.84,9,0
1695,"Harini Ghosh",Surat,685,40196,Retail,59,4,15,17,21,67.47,3,0
1696,"Yashodhara Bhardwaj",Nashik,500,32083,Retail,78,1,14,22,11,37.46,8,0
1697,"Raksha Bansal",Indore,1000,26510,Finance,39,19,14,14,1,68.47,8,0
1698,"Ayaan Oommen",Shirpur,1065,49064,Retail,97,26,3,0,36,39.03,3,0
1699,"Sara Wagle",Indore,1383,12813,Finance,68,25,7,20,6,28.99,3,0
1700,"Gauri Goswami",Pune,765,36598,Retail,76,10,15,24,25,61.22,6,1
1701,"Mason Sharma",Dhule,813,32570,Retail,84,15,15,6,25,36,1,1
1702,"Deepa Bhattacharyya",Ahmedabad,997,32082,Retail,54,22,3,22,23,34.51,4,1
1703,"Varenya Tank",Ahmedabad,387,34241,Healthcare,13,48,12,26,11,35.81,1,0
1704,"Omya Bora",Indore,1001,35678,Finance,35,21,12,12,15,61.12,3,1
1705,"Warjas Chaudhry",Dhule,1461,49569,Finance,36,22,1,11,22,60.07,9,0
1706,"Meera Yadav",Shirpur,697,16745,Retail,55,36,2,17,39,29.65,5,0
1707,"Sneha Badal",Pune,402,31029,Retail,73,34,7,23,8,24.66,5,1
1708,"Isaiah Majumdar",Nashik,1061,18025,Healthcare,60,30,14,18,31,35.93,4,0
1709,"Rajata Chaudhry",Ahmedabad,1175,41124,Healthcare,59,25,10,14,14,41.67,3,1
1710,"Frederick Nigam",Indore,1401,19288,Healthcare,15,45,8,7,36,17.92,5,1
1711,"Wazir Chanda",Pune,705,28650,Finance,68,28,6,18,12,57.37,4,0
1712,"Aayush Dutt",Dhule,119,11540,Finance,24,1,12,9,4,35.54,8,0
1713,"Ekta Gole",Shirpur,727,37232,Finance,39,49,1,6,10,24.72,4,0
1714,"Timothy Singhal",Pune,1369,21422,Retail,51,45,7,17,9,8.58,8,0
1715,"Logan Chakraborty",Mumbai,1231,8342,Finance,46,4,6,15,12,17.96,6,0
1716,"Veda Mani",Indore,569,46846,Logistics,51,7,11,19,40,68.4,5,0
1717,"Zarna Babu",Surat,761,40612,Logistics,44,49,18,26,14,22.66,4,0
1718,"Wriddhish Bansal",Pune,898,15396,Healthcare,96,9,6,5,41,12.99,4,1
1719,"Chavvi Sunder",Mumbai,70,22482,Finance,15,36,9,26,6,33.71,4,1
1720,"Unni Khurana",Nashik,769,28411,Logistics,77,19,15,8,39,22.8,9,1
1721,"Mohini Goswami",Ahmedabad,531,18261,Healthcare,27,1,2,20,27,3.5,4,0
1722,"Dhriti Murty",Pune,988,8093,Finance,82,10,9,12,31,23.94,9,1
1723,"Devansh Tara",Pune,1198,16722,Retail,38,36,5,24,34,39.63,10,0
1724,"Daksha Prakash",Pune,1254,27042,Logistics,86,9,17,20,14,40.17,6,1
1725,"Maanav Babu",Indore,958,49413,Retail,68,45,17,25,35,26.32,10,1
1726,"Rohan Ram",Nashik,490,33087,Finance,56,46,4,7,20,32.76,7,0
1727,"Wakeeta Nadkarni",Ahmedabad,761,37347,Logistics,26,42,6,15,5,69.55,10,0
1728,"Timothy Thakur",Mumbai,781,38756,Finance,31,32,1,12,0,27.79,3,1
1729,"Tamanna Bahri",Mumbai,954,44214,Retail,77,32,10,12,3,19.33,8,1
1730,"Quincy Krish",Mumbai,938,21335,Logistics,78,6,12,16,10,18.29,3,1
1731,"Nitara Pillay",Mumbai,1306,33602,Retail,46,48,4,22,43,33.5,1,1
1732,"Aishani Samra",Surat,419,39450,Finance,58,38,5,19,25,54.93,10,0
1733,"Abhiram Bajaj",Indore,912,37196,Finance,22,17,13,4,36,15.63,5,1
1734,"Pavani Brahmbhatt",Indore,285,10626,Retail,43,10,11,21,22,51.36,2,1
1735,"Omisha Sunder",Shirpur,738,12424,Logistics,95,27,3,20,28,2.5,10,0
1736,"Janani Rajan",Mumbai,479,17857,Retail,62,35,5,27,20,30.74,6,1
1737,"Bimala Cheema",Shirpur,39,49923,Finance,96,21,9,16,44,56.09,10,1
1738,"Oliver Karnik",Indore,853,24982,Retail,60,25,17,27,44,25.05,9,0
1739,"Chameli Sinha",Indore,827,16425,Finance,12,28,14,8,26,41.03,1,0
1740,"Kritika Goda",Indore,1295,6980,Retail,51,47,7,1,38,15.55,4,1
1741,"Zilmil Pal",Nashik,1304,31431,Logistics,41,15,8,24,39,53.68,1,0
1742,"Noah Mohan",Dhule,906,24440,Logistics,60,4,4,25,12,4.71,1,1
1743,"Damyanti D’Alia",Dhule,1058,46752,Retail,94,29,9,17,22,61.53,8,0
1744,"Yug Bhakta",Nagpur,1172,22175,Retail,55,9,19,8,15,15.07,2,1
1745,"Amara Rana",Pune,1045,31385,Logistics,30,27,5,5,29,63.08,1,1
1746,"Sara Bawa",Mumbai,403,43158,Finance,53,26,15,10,3,26.03,8,1
1747,"Lakshmi Bala",Nagpur,1118,28019,Logistics,20,19,2,24,39,52.31,4,1
1748,"Kashish Yadav",Shirpur,175,23639,Finance,77,28,9,28,15,23.66,3,1
1749,"Chakrika Maharaj",Pune,253,24994,Retail,10,17,10,5,30,65.32,4,1
1750,"Banjeet Kurian",Shirpur,1292,39375,Retail,72,43,10,5,41,9.99,5,0
1751,"Omisha Apte",Ahmedabad,206,26563,Finance,33,41,16,12,24,13.67,1,0
1752,"Upadhriti Savant",Indore,882,44341,Retail,22,42,3,10,43,36.01,1,0
1753,"Chandani Lalla",Dhule,1335,10776,Finance,20,20,3,13,11,6.82,3,1
1754,"Arunima Loyal",Dhule,92,41444,Healthcare,60,45,16,1,25,14.91,6,0
1755,"Wriddhish Koshy",Ahmedabad,1270,8380,Logistics,26,40,8,7,36,68.01,1,0
1756,"Teerth Suri",Nashik,856,13711,Healthcare,91,39,18,2,32,70.33,2,1
1757,"Yahvi Bhalla",Indore,824,13782,Finance,95,49,4,22,27,27.71,7,1
1758,"Finn Kata",Shirpur,718,22434,Logistics,33,23,5,20,8,66.55,1,1
1759,"Ladli Oommen",Pune,134,25017,Finance,28,47,2,2,11,39.68,7,0
1760,"Yadavi Dugar",Indore,1152,35707,Logistics,46,32,0,0,4,20.15,4,0
1761,"Aarnav Shroff",Nagpur,540,44110,Logistics,94,47,19,23,27,50.87,10,1
1762,"Anthony Natarajan",Nagpur,414,22343,Logistics,17,33,15,18,34,47.78,6,0
1763,"Indrajit Oza",Dhule,434,43827,Logistics,37,46,10,17,4,71.23,8,0
1764,"Varenya Sengupta",Surat,852,46652,Finance,14,5,12,16,33,19.82,9,1
1765,"Radhika Gade",Mumbai,547,10655,Logistics,26,43,9,19,33,48.72,6,1
1766,"Yatin Kothari",Nashik,505,49859,Logistics,45,48,2,28,12,4.69,9,0
1767,"Shaurya Krish",Nagpur,738,20251,Healthcare,28,34,8,23,38,9.07,4,1
1768,"Arjun Pradhan",Indore,800,5526,Retail,73,40,11,12,41,1.28,6,1
1769,"Anusha Natarajan",Dhule,1490,8224,Retail,20,11,13,2,44,71.96,8,1
1770,"Odika Tandon",Shirpur,1076,16536,Healthcare,63,3,0,29,13,57.96,9,1
1771,"Aradhana Subramanian",Indore,1026,33541,Healthcare,54,33,17,0,10,56.86,3,0
1772,"Teerth Pai",Pune,706,18547,Finance,56,11,16,3,41,37.19,2,0
1773,"Rajeshri Tailor",Indore,743,39531,Finance,21,16,8,24,37,22.3,6,1
1774,"Abhimanyu Parmar",Indore,112,13712,Finance,30,18,8,12,3,11.74,4,0
1775,"Yashica Jhaveri",Mumbai,1198,43565,Healthcare,20,30,9,16,32,21.21,1,1
1776,"Girish Mann",Dhule,1138,14208,Healthcare,14,48,18,27,6,27.69,8,1
1777,"Pallavi Sem",Shirpur,1131,10109,Logistics,90,10,14,29,40,54.7,9,1
1778,"David Mahal",Dhule,486,40201,Finance,65,18,4,10,7,39.32,9,0
1779,"Kai Cherian",Surat,30,21967,Finance,29,38,14,1,36,6.5,2,1
1780,"Ijaya Zachariah",Surat,80,34759,Finance,50,19,19,24,9,2.28,9,0
1781,"Mitali Parekh",Mumbai,714,25172,Retail,55,36,1,15,42,8.27,7,1
1782,"Parth Amble",Dhule,746,41935,Logistics,21,13,12,1,14,30.15,5,0
1783,"Leela Maharaj",Ahmedabad,1499,31589,Finance,79,46,15,28,37,67.26,7,1
1784,"Ranbir Salvi",Nagpur,478,35015,Finance,26,3,14,18,14,46.26,9,1
1785,"Pallavi Kanda",Surat,910,34009,Finance,28,10,9,22,4,57.93,8,1
1786,"Vincent Garde",Pune,517,22773,Retail,35,38,13,18,28,34.11,6,0
1787,"Tristan Prashad",Indore,63,46125,Retail,57,1,9,24,18,26.68,4,1
1788,"Chakrika Madan",Mumbai,1401,31143,Healthcare,61,27,13,15,9,8.7,1,0
1789,"Thomas Radhakrishnan",Ahmedabad,124,11154,Logistics,79,46,8,21,11,63.19,6,1
1790,"Ishita Rama",Indore,1125,26804,Healthcare,64,8,13,18,3,56.6,3,0
1791,"Ekiya Gulati",Nagpur,183,46688,Logistics,84,46,2,8,30,12.94,6,1
1792,"Aradhana Gupta",Nagpur,279,25581,Retail,42,42,19,0,17,37.37,6,1
1793,"Qarin Grover",Shirpur,703,35087,Finance,71,17,15,9,15,35.6,4,1
1794,"Turvi Kapur",Nashik,467,37981,Healthcare,97,9,1,18,39,45.38,2,1
1795,"Gabriel Varty",Surat,147,8762,Finance,32,6,9,0,35,68.18,9,0
1796,"Onveer Mammen",Nagpur,800,14768,Healthcare,24,43,2,1,24,42.16,2,0
1797,"Ekaraj Deol",Indore,1359,48408,Retail,36,25,10,15,22,39.36,3,1
1798,"Chavvi Ganguly",Indore,297,44499,Retail,84,39,10,11,11,4.57,10,0
1799,"Vedika Arya",Surat,1107,43559,Retail,73,49,12,7,33,5.47,1,0
1800,"Azad Rana",Nashik,265,13783,Healthcare,90,28,6,22,35,14.3,7,1
1801,"Anjali Din",Nashik,418,34781,Logistics,60,33,16,17,36,3.31,1,1
1802,"Yashica Wason",Indore,1019,35811,Healthcare,62,37,1,1,2,53.78,9,0
1803,"Sneha Pal",Indore,792,40488,Logistics,87,9,11,24,8,52.36,1,0
1804,"Leena Hayre",Surat,430,13905,Healthcare,91,18,9,28,17,10.66,5,0
1805,"Raagini Gupta",Shirpur,653,14127,Healthcare,60,21,17,12,42,60.36,7,1
1806,"Manan Bala",Surat,796,27431,Retail,56,2,10,5,34,11.99,3,1
1807,"Qushi Jha",Mumbai,1356,11368,Finance,13,43,15,20,33,22.38,9,1
1808,"Anirudh Vora",Pune,948,32424,Finance,16,38,16,25,40,18.68,8,1
1809,"Gaurangi Comar",Nashik,1260,23333,Logistics,44,40,18,5,13,27.43,3,0
1810,"Madhavi Kala",Nagpur,1282,28116,Finance,57,36,17,8,3,19.08,5,1
1811,"Xavier Kannan",Mumbai,882,48201,Healthcare,82,43,2,15,28,35.72,7,1
1812,"Ayushman Mody",Nashik,607,20525,Healthcare,81,37,15,10,40,29.93,4,0
1813,"Yashvi Mangal",Mumbai,104,28398,Retail,54,15,5,6,44,71.05,5,1
1814,"Zaitra Sani",Mumbai,464,37857,Retail,90,28,11,9,14,4.97,3,1
1815,"Janya Chakraborty",Pune,132,15361,Finance,90,18,10,9,27,11.09,9,1
1816,"Qadim Krishna",Indore,1475,21369,Logistics,81,34,14,29,41,4.75,10,1
1817,"Vaishnavi Rajan",Nagpur,793,8041,Finance,28,22,14,24,15,45.43,9,0
1818,"Liam Khosla",Surat,767,5105,Finance,72,11,15,19,11,4.87,7,0
1819,"Jagat Venkataraman",Pune,835,14078,Finance,47,13,9,17,4,60.39,10,0
1820,"Kai Lal",Nagpur,1359,30003,Finance,76,4,11,27,33,37.35,2,0
1821,"Baljiwan Basak",Pune,127,11090,Healthcare,68,22,12,23,41,38.42,7,1
1822,"Lavanya Menon",Shirpur,827,43850,Logistics,78,7,3,19,0,40.87,7,0
1823,"Charles Mittal",Dhule,1388,6925,Healthcare,22,43,6,28,38,13.13,5,1
1824,"Edhitha Ranganathan",Ahmedabad,888,23440,Logistics,56,24,1,8,31,15.04,9,1
1825,"Indali Mall",Pune,464,44685,Retail,70,4,14,14,25,23.64,3,1
1826,"Jagrati Krishna",Nagpur,476,31015,Finance,40,28,7,3,16,43.14,4,0
1827,"Arya Nath",Surat,1361,38320,Healthcare,89,15,6,7,26,15.92,1,1
1828,"Keya Nadig",Mumbai,278,30291,Logistics,31,1,14,8,23,9.26,6,0
1829,"Manya Nayak",Surat,195,41679,Retail,95,3,13,12,34,69.88,4,0
1830,"Abhimanyu Rajagopal",Dhule,1013,31289,Retail,52,14,7,8,41,2.56,1,1
1831,"Rajata Srivastava",Surat,1388,8389,Finance,76,38,11,25,38,57.99,2,0
1832,"Devansh Radhakrishnan",Shirpur,1049,30683,Logistics,63,1,12,3,25,56.95,3,0
1833,"Tristan Chatterjee",Mumbai,571,18629,Healthcare,19,38,10,16,37,22.1,9,0
1834,"Pratyush Samra",Nashik,788,29826,Finance,51,38,16,15,22,10.63,8,1
1835,"Suhani Gill",Dhule,1159,40198,Healthcare,73,21,16,14,21,11.34,7,1
1836,"Noah Bajwa",Mumbai,110,31630,Retail,30,48,3,2,3,50.52,4,0
1837,"Victor Rana",Surat,162,38226,Healthcare,89,29,7,24,8,46.64,1,1
1838,"Balendra Tandon",Ahmedabad,826,37975,Healthcare,85,5,4,19,3,56.57,8,0
1839,"Yashawini Dutta",Surat,929,5899,Finance,75,49,15,4,6,67.56,4,0
1840,"Hredhaan Nagar",Indore,167,16653,Healthcare,50,10,3,22,22,50.13,3,1
1841,"Faqid Dugar",Indore,213,32961,Finance,33,28,14,4,1,12.07,9,1
1842,"Meghana Kaul",Dhule,1454,21405,Retail,44,21,11,19,23,18.28,10,0
1843,"Nidra Yohannan",Nashik,1383,13601,Finance,65,7,4,14,39,60.8,4,1
1844,"Bina Chad",Mumbai,814,38662,Finance,39,3,15,17,30,15.86,4,0
1845,"Dipta Kibe",Nagpur,1013,38282,Logistics,66,45,13,14,30,6.15,9,1
1846,"Theodore Bajwa",Mumbai,98,26288,Healthcare,56,47,9,1,39,50.93,2,0
1847,"Bachittar Mallick",Mumbai,575,34545,Retail,44,20,6,28,42,29.58,5,1
1848,"Karan Bhagat",Pune,82,41877,Finance,28,19,12,12,33,66.32,4,1
1849,"Rachana Dhillon",Indore,234,20313,Retail,17,35,19,3,23,47.17,9,1
1850,"Idika Rastogi",Ahmedabad,155,20349,Logistics,35,4,4,9,25,7.42,5,0
1851,"Liam Doshi",Nashik,72,12179,Healthcare,80,5,2,12,15,68.3,9,0
1852,"Azaan Jayaraman",Mumbai,140,15326,Finance,39,1,14,9,12,19.36,9,1
1853,"Saumya Dalal",Indore,790,49555,Healthcare,16,4,3,28,14,24.94,2,1
1854,"Varsha Reddy",Indore,1236,6560,Logistics,76,12,14,8,26,29.56,9,1
1855,"Aadhya Cheema",Surat,877,18612,Logistics,74,27,13,7,3,4.64,3,1
1856,"Dipta Sarna",Surat,124,22650,Retail,45,42,19,2,15,36.25,4,1
1857,"Keya Rama",Dhule,1427,31745,Finance,34,23,18,15,29,9.76,1,1
1858,"Jeevika Salvi",Mumbai,929,36890,Retail,46,25,12,13,43,29.47,1,1
1859,"David Chaudhry",Surat,389,25022,Logistics,10,21,9,8,29,25.9,1,1
1860,"Wazir Salvi",Mumbai,929,9780,Healthcare,24,24,4,29,35,55.87,9,1
1861,"Anita Dass",Nagpur,310,23311,Retail,46,25,19,20,2,58.03,8,0
1862,"Krish Kothari",Dhule,1248,33380,Retail,22,45,19,10,21,11.89,5,1
1863,"Bhavini Ahuja",Indore,1248,49662,Healthcare,17,46,5,2,21,27.03,5,0
1864,"Pallavi Yogi",Nashik,696,7356,Retail,14,32,3,4,11,27.51,9,0
1865,"Gunbir Sem",Nagpur,122,9790,Healthcare,69,32,1,28,20,11.75,3,1
1866,"Eshana Batta",Pune,701,31911,Finance,82,5,15,9,3,57.69,3,1
1867,"Gautami Rai",Mumbai,90,29363,Healthcare,10,36,17,12,30,51.21,7,1
1868,"Bimala Amble",Surat,663,25049,Finance,45,46,4,3,43,14.52,9,1
1869,"Hamsini Pal",Nagpur,1104,15181,Healthcare,44,42,3,23,30,27.04,6,0
1870,"Radhika Sehgal",Dhule,1456,44825,Logistics,75,49,12,12,22,8.51,2,0
1871,"Aarnav Pradhan",Dhule,1058,21082,Logistics,72,42,18,11,19,45.6,1,1
1872,"Bhavya Subramaniam",Shirpur,633,5661,Finance,32,39,1,4,14,9.62,2,0
1873,"Eshana Prabhakar",Indore,711,42412,Finance,18,16,12,9,22,71,1,0
1874,"Harini Shroff",Dhule,563,7920,Logistics,43,33,10,27,27,56.43,10,1
1875,"Faris Yadav",Indore,1458,30658,Finance,55,49,3,23,15,28.71,10,1
1876,"Aarnav Rama",Pune,867,19025,Healthcare,87,21,19,8,36,42.08,9,1
1877,"Maya Suresh",Nashik,674,13946,Healthcare,13,9,19,19,20,65.71,10,1
1878,"Rohan Devi",Surat,262,33706,Logistics,39,6,14,6,14,40.34,8,0
1879,"Triya Radhakrishnan",Pune,553,44004,Retail,84,45,3,1,16,13.39,7,1
1880,"Charan Mohan",Ahmedabad,375,21309,Healthcare,81,35,8,21,36,27.89,3,1
1881,"Sathvik Narayanan",Nagpur,1099,38120,Finance,12,39,6,23,12,60.86,8,1
1882,"Pooja Shanker",Mumbai,575,35027,Retail,23,22,18,27,18,46.74,2,0
1883,"Anjali Memon",Shirpur,1131,12005,Retail,69,41,18,22,29,47.2,2,1
1884,"Dipta Kannan",Nagpur,1126,5956,Healthcare,86,5,5,6,44,62.54,10,0
1885,"Bhavani Natt",Surat,823,39839,Healthcare,54,42,5,7,17,64.47,3,1
1886,"Vasana Wali",Nagpur,278,13595,Retail,43,23,19,6,13,66.31,7,0
1887,"Jeremiah Ray",Ahmedabad,76,17803,Retail,54,17,14,20,35,7.73,1,0
1888,"Neha Sharaf",Ahmedabad,1174,30963,Logistics,70,12,14,22,35,39.63,8,0
1889,"Aarini Kala",Shirpur,243,41221,Finance,92,23,19,28,19,53.58,7,1
1890,"Unni Deshpande",Nagpur,268,44443,Logistics,25,16,8,13,18,54.74,4,0
1891,"Adweta Dugar",Ahmedabad,1109,38723,Healthcare,75,3,3,25,44,44.08,5,1
1892,"William Golla",Nashik,379,44063,Logistics,49,30,17,18,43,12.84,10,1
1893,"Utkarsh Khanna",Surat,136,20282,Logistics,26,22,17,4,6,57.62,1,1
1894,"Aarna Varma",Nashik,860,9703,Logistics,43,9,4,22,43,52.13,4,0
1895,"Girish Sandal",Ahmedabad,77,11563,Logistics,25,29,19,24,3,7.12,1,1
1896,"Mekhala Pandya",Mumbai,366,30849,Finance,69,47,10,17,33,33.93,1,1
1897,"Yadavi Sami",Ahmedabad,1079,36860,Finance,75,37,4,19,1,13.35,10,0
1898,"Pallavi Grewal",Surat,833,36585,Retail,75,23,3,11,4,24.96,1,0
1899,"Thomas Vala",Surat,1310,27015,Healthcare,99,13,11,22,9,2.28,7,1
1900,"Niharika Varkey",Dhule,37,17003,Logistics,22,32,1,16,31,29.42,7,0
1901,"Qadim Natt",Nagpur,654,48585,Retail,65,46,12,12,41,40.04,4,1
1902,"Lohit Sandal",Indore,1306,31958,Retail,40,47,9,1,40,44.99,2,0
1903,"Dakshesh Sur",Nagpur,748,31017,Retail,43,48,8,24,12,48.11,3,1
1904,"Christopher Raja",Shirpur,332,16171,Finance,48,23,9,12,38,60.38,8,1
1905,"Aradhana Borde",Mumbai,668,17201,Logistics,76,45,6,25,4,16.3,8,1
1906,"Rachita Chand",Dhule,85,34426,Logistics,17,17,3,6,9,9.55,6,0
1907,"Zinal Krish",Shirpur,755,22778,Healthcare,96,40,18,27,9,61.46,10,1
1908,"Hitesh Mandal",Dhule,555,47229,Logistics,87,21,9,9,37,12.12,9,1
1909,"Dalaja Kale",Shirpur,503,26116,Logistics,64,2,2,22,26,70.21,9,1
1910,"Avi Varma",Surat,57,38297,Retail,36,37,18,5,20,60.82,4,1
1911,"Yashawini Sachdev",Pune,107,24342,Healthcare,62,6,1,2,7,36.56,1,1
1912,"Dalaja Agate",Mumbai,1269,32490,Logistics,48,44,19,25,0,70.68,1,0
1913,"Jagvi Chaudhary",Dhule,1439,24975,Finance,74,18,9,2,27,7.91,10,1
1914,"Farhan Sundaram",Pune,394,31723,Logistics,26,30,1,17,38,22.52,5,1
1915,"Chandresh Venkatesh",Nashik,695,28279,Retail,39,22,1,10,13,46.31,2,1
1916,"Chaitanya Raju",Nagpur,555,17765,Finance,62,33,16,21,20,25.85,6,1
1917,"Sai Venkataraman",Surat,728,16561,Retail,22,30,15,19,29,66.91,7,1
1918,"Abhiram Pradhan",Pune,1365,46899,Logistics,30,17,15,4,20,5.66,1,0
1919,"Tripti Chanda",Nashik,912,5525,Finance,28,43,13,18,8,40.01,6,0
1920,"Tristan Bala",Dhule,1060,27861,Healthcare,62,32,6,21,16,42.95,8,0
1921,"Chasmum Shankar",Shirpur,1056,38142,Healthcare,28,42,10,26,4,47.34,5,1
1922,"Rayaan Chad",Shirpur,948,31916,Finance,66,14,0,27,30,19.15,7,1
1923,"Anika Goda",Mumbai,779,49965,Finance,34,10,10,18,39,26.88,10,1
1924,"Isaiah Chauhan",Surat,392,9648,Retail,95,47,3,29,37,60.9,6,1
1925,"Upasna Nagarajan",Shirpur,1327,40133,Finance,40,36,6,14,42,14.84,4,0
1926,"Teerth Hayer",Ahmedabad,835,35523,Retail,90,34,14,29,18,59.71,7,1
1927,"Lucky Palan",Nashik,768,34052,Logistics,64,9,17,15,35,40.95,10,1
1928,"Amol Doctor",Shirpur,1068,39414,Retail,32,42,11,23,32,55.12,9,1
1929,"Garima Konda",Dhule,1245,37781,Finance,41,28,16,8,12,51.67,10,1
1930,"Yashvi Sankar",Mumbai,514,9599,Finance,71,11,0,3,13,15.73,10,0
1931,"Yamini Edwin",Pune,57,40046,Logistics,83,14,10,14,32,41.39,7,1
1932,"Upasna Dewan",Nashik,743,40923,Finance,19,39,0,24,28,62.61,5,1
1933,"Manbir Goda",Indore,1092,46089,Finance,81,47,14,11,42,31.68,7,0
1934,"Reyansh Saha",Nagpur,1326,8814,Healthcare,63,19,9,22,35,69.63,3,0
1935,"Patrick Subramanian",Indore,1284,40984,Healthcare,61,15,6,2,43,33.11,2,1
1936,"Ganga Shukla",Ahmedabad,115,31616,Logistics,29,28,1,22,9,11.14,5,1
1937,"Jyoti Wali",Shirpur,155,7113,Retail,41,24,9,13,30,28.65,4,1
1938,"Panini Parmer",Dhule,841,48006,Healthcare,23,8,3,16,5,68.57,5,0
1939,"Upasna Kumer",Pune,566,18760,Retail,59,43,11,18,0,23.7,8,0
1940,"Mohammed Luthra",Pune,174,26927,Finance,37,9,18,5,6,62.63,4,0
1941,"Upasna Merchant",Mumbai,1265,25939,Healthcare,62,47,10,3,26,63.57,9,1
1942,"Ranbir Rout",Surat,54,37419,Logistics,33,33,7,6,20,25.86,7,0
1943,"Onkar Varma",Shirpur,1447,17588,Logistics,88,33,17,29,27,6.91,10,0
1944,"Oscar Chaudhari",Ahmedabad,96,41142,Logistics,31,19,10,18,15,52.44,7,0
1945,"Aarav Bose",Ahmedabad,262,44198,Healthcare,39,3,10,16,22,23.12,8,0
1946,"Tanvi Doctor",Indore,138,49738,Retail,72,10,12,24,19,56.59,6,1
1947,"Faqid Mittal",Dhule,1199,38397,Finance,13,40,2,15,37,32.43,8,1
1948,"Anjali Varughese",Surat,140,21653,Retail,86,47,11,14,24,35.45,3,1
1949,"Lakshmi Char",Dhule,257,15831,Retail,68,42,2,21,27,56.23,10,1
1950,"Simon Oza",Nashik,140,10724,Finance,96,1,9,7,4,28.15,10,0
1951,"Nidra Singhal",Pune,63,16083,Finance,17,29,16,18,20,32.46,1,1
1952,"Damyanti Bora",Indore,652,24816,Healthcare,91,34,1,7,17,27.71,6,0
1953,"Hemang Dugar",Nagpur,1422,47240,Healthcare,21,13,16,17,5,27.08,1,1
1954,"Chanchal Varughese",Nagpur,777,11276,Healthcare,40,1,15,27,28,38.34,9,0
1955,"Amol Tara",Pune,624,43663,Healthcare,87,34,1,15,18,58.42,2,0
1956,"Vasana Palla",Nagpur,454,18994,Healthcare,43,29,19,19,32,26.69,2,1
1957,"Brinda Chacko",Mumbai,642,28499,Finance,91,48,5,18,0,38.22,7,0
1958,"Charan Dugal",Surat,721,28040,Retail,84,47,9,9,44,48.62,2,1
1959,"Champak Kalla",Indore,1335,48320,Healthcare,85,13,9,16,2,20.13,10,0
1960,"Vanya Patla",Nashik,1373,21959,Healthcare,58,48,7,12,41,20.7,8,1
1961,"Libni Chandra",Mumbai,1496,11099,Retail,88,49,0,12,20,67.27,6,0
1962,"Falan Sura",Nashik,344,47267,Healthcare,66,29,12,6,34,52.37,7,0
1963,"Sai Loyal",Nagpur,906,24576,Retail,35,39,8,26,40,41.98,7,0
1964,"Nisha More",Nagpur,1430,40946,Retail,27,24,9,9,39,46.99,6,1
1965,"Ubika Rastogi",Shirpur,1342,11116,Finance,95,26,14,1,2,3.08,10,1
1966,"Balveer Agarwal",Indore,1490,20563,Logistics,47,17,4,3,24,44.89,9,1
1967,"Samar Joshi",Nagpur,691,31788,Finance,90,7,15,24,44,37.18,9,1
1968,"Nisha Sanghvi",Indore,306,31928,Logistics,96,13,12,5,37,39.75,7,1
1969,"Panini Kalla",Pune,653,41336,Logistics,97,5,19,23,44,26.52,9,1
1970,"Bhavani Boase",Nagpur,545,14847,Logistics,59,26,17,17,19,6.78,10,1
1971,"George Barman",Indore,1403,31155,Healthcare,17,49,10,22,43,14.73,3,1
1972,"Ojas Batra",Shirpur,872,19135,Finance,50,3,8,5,44,68.5,3,0
1973,"Champak Prabhu",Shirpur,1499,22774,Logistics,15,7,15,28,33,30.02,1,1
1974,"Manbir Sagar",Nagpur,379,6742,Retail,78,49,1,29,20,34.13,5,1
1975,"Lekha Setty",Nashik,852,23309,Healthcare,53,39,1,24,22,4.74,4,1
1976,"Ladli Malhotra",Nagpur,1190,5619,Finance,73,1,11,22,5,3.67,2,0
1977,"Nathaniel Sami",Nagpur,788,22658,Logistics,38,49,7,16,12,51.92,9,0
1978,"Harshil Rastogi",Indore,928,39707,Retail,37,17,8,13,22,39.2,3,1
1979,"Naveen Zachariah",Mumbai,272,25337,Finance,20,43,11,23,8,37.12,8,1
1980,"Charles Bakshi",Pune,572,21001,Finance,74,25,8,10,16,18.26,6,0
1981,"Yamini Dua",Indore,1093,5968,Healthcare,28,3,9,25,1,53.88,5,1
1982,"Janani Atwal",Nashik,258,30892,Finance,18,15,1,18,18,12.94,1,0
1983,"Yauvani Ben",Indore,577,30619,Healthcare,36,29,15,29,18,14.49,4,1
1984,"Atharv Yogi",Mumbai,949,5281,Logistics,43,43,19,1,6,33.71,3,1
1985,"Nachiket Kakar",Mumbai,1276,32420,Healthcare,53,32,6,27,41,21.33,1,1
1986,"Kalpit Murty",Mumbai,35,20360,Retail,77,26,1,2,41,18.57,5,0
1987,"Qabil Khare",Ahmedabad,1375,44030,Healthcare,91,16,0,10,19,46.81,6,0
1988,"Xavier Patel",Nashik,497,6058,Retail,24,25,18,5,8,47.22,2,1
1989,"Urvashi Oommen",Shirpur,104,25677,Healthcare,60,28,3,28,16,59.54,3,0
1990,"Hemang Nadkarni",Nagpur,33,15724,Finance,22,9,1,13,26,30.66,6,1
1991,"Champak Loke",Dhule,675,33404,Logistics,92,1,13,18,1,6.19,4,1
1992,"Hitesh Boase",Mumbai,147,42946,Retail,58,29,1,25,35,20.43,9,0
1993,"Lakshit Dyal",Surat,910,44748,Healthcare,79,22,14,15,18,70.58,5,1
1994,"Krishna Krish",Pune,533,34856,Healthcare,65,16,11,20,16,43.33,4,0
1995,"Owen Ganguly",Nagpur,976,14200,Healthcare,85,41,4,21,4,51.39,2,1
1996,"Gautam Bose",Surat,603,38997,Finance,60,44,19,23,38,1.52,6,1
1997,"Triveni Nazareth",Dhule,1494,30611,Finance,46,41,6,6,17,37.79,10,0
1998,"Januja Thakkar",Shirpur,223,46235,Retail,26,7,9,29,6,3.66,2,0
1999,"Thomas Luthra",Nashik,876,40057,Retail,67,14,13,26,16,41.42,7,1
2000,"Ojas Gulati",Ahmedabad,744,6239,Finance,96,29,13,7,38,66.37,3,1
